0,2,2,2,2,2,2,2,2,2,2,2,2,2,2,2,3,4,4,4,4,4,4,4,4,4,4,4,4,4,4,4,4,4,4,4,4,4,4,4,4,4,4,4,5,5,5,5,5,5,5,5,6,6,6,6,6,6,6,6,6,6,6,6,6,6,6,6,6,6,6,6,6,6,6,6,6,6,6,6,6,6,6,6,6,6,6,6,6,6,6,6,6,6,8,8,8,8,8,8,8
0,6,7,10,10,10,10,10,11,11,11,15,18,18,18,18,21,23,26,28,28,28,28,28,29,29,29,32,34,34,34,34,34,34,36,36,37,37,40,40,40,40,40,40,43,43,44,48,48,50,50,50,52,53,53,53,56,56,56,56,59,62,62,64,64,68,68,68,68,68,68,69,69,73,77,79,80,80,80,80,80,80,80,80,80,81,82,82,82,82,82,82,82,82,90,90,90,90,95,95,95
0,10,17,25,25,26,37,38,40,40,53,68,74,74,74,74,80,89,95,99,99,99,99,99,107,107,107,111,116,116,116,116,119,119,126,126,131,131,138,138,138,138,140,140,145,147,147,148,148,151,151,151,157,159,160,160,161,161,161,161,164,167,172,177,177,179,179,179,179,179,179,182,182,189,194,194,196,196,196,196,196,196,196,196,196,201,203,203,203,203,203,203,203,203,204,204,204,204,205,205,206
0,2,2,3,3,3,3,3,3,3,4,4,4,4,4,4,4,4,4,4,4,4,4,4,4,4,4,4,4,4,4,4,4,4,4,4,5,5,6,6,6,6,6,6,6,7,7,8,8,8,8,8,9,10,10,10,10,10,10,10,10,11,12,12,12,12,12,12,12,12,12,12,12,13,14,14,14,14,14,14,14,14,14,14,14,14,14,14,14,14,14,14,15,15,17,17,17,17,18,18,19
0,1,8,18,18,19,24,27,27,27,38,46,50,50,50,50,61,67,76,82,82,82,82,83,87,87,87,95,101,101,101,101,101,101,113,113,117,117,129,129,129,129,130,130,134,138,138,144,144,152,152,152,163,171,172,173,177,177,177,177,184,192,197,199,199,203,203,203,203,203,203,206,206,209,215,215,219,219,219,219,219,219,219,219,219,220,221,221,221,221,221,221,223,223,225,225,225,225,229,229,230
0,10,18,22,22,23,26,26,26,26,32,36,42,42,42,42,44,48,52,54,54,54,54,54,56,56,56,59,61,61,61,61,62,62,66,66,70,70,74,74,74,74,75,75,79,81,81,81,81,84,84,84,86,87,88,88,89,89,89,89,89,90,92,95,95,98,98,98,98,98,98,101,101,103,105,105,107,107,107,107,107,107,107,107,107,108,110,110,110,110,110,110,110,110,111,111,111,111,112,112,112
0,1,2,4,4,4,7,7,7,7,10,12,13,13,13,13,15,16,20,21,21,21,21,21,21,21,21,22,25,25,25,25,25,25,25,26,27,27,30,30,30,30,31,31,31,32,33,34,34,35,35,35,36,38,38,38,39,39,39,39,39,40,43,44,44,44,44,44,44,44,44,46,46,48,50,50,52,52,52,52,52,52,52,52,52,53,56,56,56,56,56,56,56,56,59,59,59,59,60,60,61
0,10,24,38,38,39,49,49,49,49,57,61,68,68,68,68,69,74,79,85,85,85,85,85,87,87,87,93,99,99,99,99,99,99,104,104,108,108,110,110,110,110,112,112,113,115,118,121,121,122,122,122,127,130,130,130,135,135,135,135,137,138,138,141,141,141,141,141,141,141,141,144,144,145,146,146,147,147,147,147,147,148,148,148,149,151,152,152,152,152,152,152,152,152,152,152,152,152,153,153,154
0,4,8,11,11,11,15,16,17,17,18,19,24,24,24,24,27,28,31,36,36,36,36,36,39,39,39,42,49,49,49,49,50,50,50,50,53,53,57,57,57,57,58,58,61,62,63,67,67,75,75,75,77,80,81,82,85,85,85,85,92,93,93,99,99,102,102,102,102,102,102,104,104,105,110,110,118,118,118,118,118,118,118,118,118,120,122,122,122,122,122,122,122,122,125,125,125,125,131,131,131
0,4,8,12,12,13,16,17,17,17,19,22,23,23,23,23,29,35,39,40,40,40,40,40,44,44,44,49,54,54,54,54,56,56,60,60,62,62,63,63,63,63,64,64,70,77,77,79,79,80,80,80,84,88,88,88,90,90,90,90,93,96,99,102,102,106,106,106,106,106,106,111,111,113,115,116,119,119,119,119,119,121,121,121,121,122,124,124,124,124,124,124,127,127,130,130,130,130,134,134,135
0,11,17,21,21,21,30,31,31,31,37,42,44,44,44,44,46,49,52,58,58,58,58,58,61,61,61,66,70,70,70,70,72,72,73,73,76,76,80,80,80,80,82,82,88,90,90,96,96,98,98,98,101,105,105,105,109,109,109,109,113,116,120,120,120,122,122,122,122,122,122,123,123,125,128,131,132,132,132,132,132,133,133,133,133,137,142,142,142,142,142,142,143,143,144,144,144,144,145,145,145
0,1,3,9,9,9,11,12,12,12,16,23,23,23,23,23,27,28,38,38,38,38,38,38,44,44,44,48,51,51,51,51,52,52,54,57,59,59,64,64,64,64,64,64,69,70,70,71,71,73,73,73,75,77,78,78,79,79,79,79,82,83,83,85,85,87,87,87,87,87,87,92,92,95,97,97,98,99,99,99,99,99,99,99,99,103,103,103,103,103,103,103,103,103,108,108,108,108,111,111,114
0,13,22,30,30,30,38,41,42,42,59,67,78,78,78,78,86,97,102,110,110,110,110,110,118,118,118,124,127,127,127,127,129,129,130,133,138,138,142,142,142,142,143,143,146,147,147,149,149,156,156,156,165,166,167,167,171,171,171,171,176,178,183,185,185,188,188,188,188,188,188,191,191,191,197,197,200,200,200,200,200,200,200,200,200,202,204,204,204,204,204,204,204,204,205,205,205,205,208,208,210
0,10,26,42,42,42,54,55,55,55,70,77,85,85,85,85,94,97,110,118,118,118,118,118,121,121,121,128,134,134,134,134,134,134,135,136,143,143,146,146,146,146,146,146,153,155,156,162,162,166,166,166,170,173,173,173,174,174,174,174,175,177,179,183,183,187,187,187,187,187,187,190,190,194,195,197,199,200,200,200,200,200,200,200,200,202,205,205,205,205,205,205,205,205,205,205,205,205,207,207,207
0,3,7,12,12,12,13,13,13,13,16,18,19,19,19,19,19,22,23,25,25,25,25,25,26,26,26,26,30,30,30,30,30,30,30,30,30,30,31,31,31,31,31,31,32,32,32,34,34,35,35,35,37,40,41,41,45,45,45,45,46,47,49,51,51,55,55,55,55,55,55,56,56,57,59,61,63,63,63,63,63,63,63,63,64,66,69,69,69,69,69,69,69,69,70,70,70,70,71,71,73
0,1,2,3,3,3,3,3,3,3,3,3,3,3,3,3,3,4,4,4,4,4,4,4,4,4,4,4,4,4,4,4,4,4,4,4,4,4,5,5,5,5,5,5,5,6,6,6,6,6,6,6,6,6,6,6,6,6,6,6,6,6,6,7,7,7,7,7,7,7,7,7,7,11,11,12,12,12,12,12,12,12,12,12,12,12,13,13,13,13,13,13,13,13,13,13,13,13,13,13,13
0,7,10,13,13,14,18,18,18,18,18,18,21,21,21,21,23,25,28,29,29,29,29,29,34,34,34,39,43,43,43,43,44,44,45,47,49,49,54,54,54,54,54,54,57,57,57,57,57,58,58,58,60,62,62,62,64,64,64,64,66,68,68,71,71,73,73,73,73,73,73,73,73,74,76,77,77,77,77,77,77,78,78,78,78,82,82,82,82,82,82,82,82,82,85,85,85,85,86,86,87
0,12,31,51,51,52,70,74,74,74,94,104,117,117,117,117,128,132,144,153,153,153,153,153,161,161,161,168,175,175,175,175,176,176,183,184,192,192,195,195,195,195,197,197,200,203,203,208,208,211,211,211,218,222,222,222,224,224,224,224,229,231,232,233,233,235,235,235,235,235,235,236,236,242,244,244,246,247,247,247,247,248,248,248,248,249,251,251,251,251,251,251,251,251,251,251,251,251,254,254,255
0,6,9,13,13,13,16,16,17,17,19,22,26,26,26,26,28,30,31,35,35,35,35,35,40,40,40,43,46,46,46,46,47,47,51,51,52,52,55,55,55,55,55,55,57,57,57,58,58,60,60,60,60,63,63,63,64,64,64,64,66,69,72,76,76,76,76,76,76,76,76,79,79,81,84,85,87,87,87,87,87,87,87,87,87,87,87,87,87,87,87,87,88,88,91,91,91,91,94,94,97
0,1,1,3,3,3,3,3,3,3,4,4,4,4,4,4,4,5,5,6,6,6,6,6,7,7,7,7,9,9,9,9,9,9,10,10,10,10,11,11,11,11,11,11,12,12,13,14,14,14,14,14,14,14,14,14,14,14,14,14,16,16,16,17,17,17,17,17,17,17,17,17,17,17,19,19,19,19,19,19,19,19,19,19,19,19,19,19,19,19,19,19,20,20,21,21,21,21,21,21,24
0,3,4,6,6,6,7,8,8,8,9,10,13,13,13,13,14,15,15,17,17,17,17,17,18,18,18,22,23,23,23,23,24,24,26,27,29,29,32,32,32,32,33,33,34,36,36,37,37,41,41,41,47,51,52,52,55,55,55,55,58,60,64,65,65,68,68,68,68,68,68,69,69,73,74,75,76,78,78,78,78,78,78,78,78,81,83,83,83,83,83,83,83,83,87,87,87,87,90,90,92
0,7,10,21,21,21,28,28,28,28,36,43,48,48,48,48,51,53,56,61,61,61,61,61,64,64,64,73,79,79,79,79,79,79,85,87,91,91,97,97,97,97,97,97,100,102,102,105,105,107,107,107,110,113,113,113,115,115,115,115,120,124,128,134,134,138,138,138,138,138,138,144,144,146,146,146,147,147,147,147,147,147,147,147,148,152,154,154,154,154,154,154,156,156,160,160,160,160,161,161,164
0,2,2,2,2,2,2,2,2,2,2,2,2,2,2,2,2,2,3,3,3,3,3,3,3,3,3,3,3,3,3,3,3,3,3,3,3,3,4,4,4,4,5,5,7,7,7,8,8,9,9,9,9,9,9,9,10,10,10,10,10,10,10,10,10,10,10,10,10,10,10,10,10,11,13,13,13,13,13,13,13,13,13,13,13,13,13,13,13,13,13,13,13,13,13,13,13,13,15,15,15
0,5,7,8,8,9,12,12,12,12,16,20,21,21,21,21,24,26,30,31,31,31,31,31,32,32,32,34,36,36,36,36,36,36,38,40,45,45,50,50,50,50,53,53,57,59,60,63,63,65,65,65,67,70,70,70,70,70,70,70,73,73,77,78,78,78,78,78,78,78,78,79,79,83,84,84,90,91,91,91,91,91,91,91,91,92,93,93,93,93,93,93,96,96,99,99,99,99,99,99,100
0,1,1,1,1,1,1,1,1,1,1,1,1,1,1,1,1,1,1,1,1,1,1,1,1,1,1,1,1,1,1,1,1,1,2,2,2,2,3,3,3,3,3,3,4,5,5,5,5,5,5,5,6,6,7,7,7,7,7,7,8,8,9,9,9,9,9,9,9,9,9,11,11,11,11,12,13,13,13,13,13,13,13,13,13,14,15,15,15,15,15,15,15,15,16,16,16,16,16,16,16
0,1,2,4,4,4,4,4,4,4,4,5,6,6,6,6,7,7,7,7,7,7,7,7,7,7,7,7,7,7,7,7,7,7,7,7,10,10,11,11,11,11,11,11,14,15,15,16,16,17,17,17,19,19,20,20,21,21,21,21,24,27,29,32,32,32,32,32,32,32,32,33,33,34,35,35,37,37,37,37,37,38,38,38,38,40,40,40,40,40,40,40,41,41,43,43,43,43,46,46,46
0,4,7,10,10,10,15,15,16,16,24,29,34,34,34,34,36,38,41,45,45,45,45,45,48,48,48,56,58,58,58,58,59,59,66,67,68,68,71,71,71,71,71,71,76,76,76,77,77,80,80,80,84,87,87,87,89,89,89,89,96,99,101,102,102,104,104,104,104,104,104,106,106,107,108,108,109,109,109,109,109,109,109,109,109,112,116,116,116,116,116,116,118,118,120,120,120,120,121,121,123
0,16,35,59,59,63,80,81,82,82,90,103,115,115,115,115,125,135,142,146,146,146,146,146,154,154,154,164,174,174,174,174,174,174,178,178,182,182,184,184,184,184,184,184,187,187,188,189,189,190,190,190,194,196,198,198,203,203,203,203,205,208,213,214,214,216,216,216,216,216,216,217,217,217,219,220,221,221,221,221,221,221,221,221,221,221,222,222,222,222,222,222,222,222,224,224,224,224,224,224,225
0,4,4,7,7,7,7,8,8,8,9,10,11,11,11,11,12,16,18,19,19,19,19,19,21,21,21,22,23,23,23,23,23,23,25,25,25,25,27,27,27,27,27,27,28,28,28,28,28,28,28,28,29,29,29,29,31,31,31,31,33,33,36,37,37,38,38,38,38,38,38,38,38,39,39,39,39,39,39,39,39,39,39,39,39,41,41,41,41,41,41,41,42,42,43,43,43,43,45,45,45
0,5,13,20,20,21,35,36,37,37,43,55,61,61,61,61,69,76,85,91,91,91,91,91,97,97,97,108,118,118,118,118,121,121,128,131,135,135,141,141,141,141,144,144,152,154,154,159,159,166,166,166,170,177,177,177,181,181,181,181,185,189,195,200,200,203,203,203,203,203,203,203,203,207,212,214,215,217,217,217,217,217,217,217,217,220,223,223,223,223,223,223,223,223,229,229,229,229,234,234,236
0,8,10,12,12,13,18,19,20,20,26,34,41,41,41,41,48,54,62,67,67,67,67,68,73,73,73,77,80,80,80,80,82,82,85,87,95,95,106,106,106,106,109,110,117,118,118,129,129,134,134,134,137,140,141,141,142,142,142,142,146,149,153,154,154,156,156,156,156,156,156,158,158,159,160,160,161,162,162,162,162,162,162,162,162,166,168,168,168,168,168,168,168,168,171,171,171,171,172,172,174
0,6,15,21,21,22,25,25,25,25,30,35,42,42,42,42,51,55,60,66,66,66,66,66,70,70,70,74,77,77,77,77,78,78,80,81,81,81,83,83,83,83,84,84,90,94,94,97,97,100,100,100,101,102,102,103,109,109,109,109,112,116,118,122,122,125,125,125,125,125,125,130,130,132,134,135,136,137,137,137,137,137,137,137,137,139,140,140,140,141,141,141,143,143,144,144,144,144,148,148,148
0,3,9,13,13,14,15,15,15,15,17,20,23,23,23,23,26,28,32,38,38,38,38,38,39,39,39,43,46,46,46,46,46,46,47,48,48,48,50,50,50,50,51,51,52,55,55,56,56,58,58,58,62,64,64,65,65,65,65,65,67,69,72,75,75,77,77,77,77,77,77,78,78,81,88,89,94,96,96,96,96,96,96,96,97,99,99,99,99,99,99,99,100,100,100,100,100,100,101,101,101
0,16,28,38,38,39,46,46,46,46,53,63,67,67,67,67,72,78,82,87,87,87,87,87,89,89,89,93,95,95,95,95,96,96,100,100,101,101,104,104,104,104,105,105,111,112,112,116,116,121,121,121,121,124,124,125,128,128,128,128,130,132,133,135,135,137,137,137,137,137,137,139,139,140,143,143,145,146,146,146,146,146,146,146,146,148,148,148,148,148,148,148,148,148,148,148,148,148,149,149,151
0,7,19,31,31,31,39,39,39,39,51,62,73,73,73,73,87,101,111,115,115,115,115,116,123,123,123,127,133,133,133,133,135,135,140,140,151,151,156,156,156,156,156,156,162,162,163,168,168,171,171,171,179,181,181,181,184,184,184,184,187,190,193,199,199,202,202,202,202,202,202,204,204,207,210,210,211,212,212,212,212,212,212,212,212,216,217,217,217,217,217,217,217,217,220,220,220,220,224,224,226
0,1,1,2,2,2,2,2,3,3,4,5,6,6,6,6,6,10,11,11,11,11,11,11,11,11,11,16,16,16,16,16,17,17,23,24,25,25,26,26,26,26,28,28,29,29,29,32,32,36,36,36,40,44,46,46,46,46,46,46,53,54,58,64,64,65,65,65,65,65,65,66,66,70,71,72,79,79,79,79,79,79,79,79,79,80,84,84,84,85,85,85,86,86,89,89,89,89,94,94,96
0,34,55,68,68,68,85,85,85,85,93,104,115,115,115,115,123,131,138,147,147,147,147,147,150,150,150,154,160,160,160,160,161,161,164,165,171,171,176,176,176,176,177,177,183,184,185,188,188,193,193,193,193,194,194,194,194,194,194,194,196,199,201,202,202,203,203,203,203,203,203,207,207,210,210,211,213,213,213,213,213,213,213,213,213,215,216,216,216,216,216,216,216,216,218,218,218,218,218,218,220
0,11,16,26,26,26,32,32,33,33,42,48,51,51,51,51,54,60,64,70,70,70,70,70,73,73,73,77,85,85,85,85,88,88,90,90,94,94,97,97,97,97,97,97,101,101,102,107,107,108,108,108,109,110,111,113,116,116,116,116,119,123,128,133,133,135,135,135,135,135,135,137,137,138,141,142,144,145,145,145,145,145,145,145,145,146,147,147,147,147,147,147,147,147,148,148,148,148,149,149,153
0,6,9,12,12,13,21,22,23,23,33,41,45,45,45,45,52,55,57,61,61,61,61,61,63,63,63,70,80,80,80,80,81,81,84,84,89,89,94,94,94,94,97,97,106,107,109,119,119,128,128,128,131,137,138,138,143,143,143,143,149,152,153,161,161,169,169,169,169,169,169,172,172,174,175,177,183,183,183,183,183,183,183,183,184,185,191,191,191,191,191,191,191,191,194,194,194,194,197,197,199
0,4,10,18,18,18,22,22,24,24,27,33,35,35,35,35,36,40,44,47,47,47,47,47,53,53,53,57,58,58,58,58,59,59,61,62,67,67,71,71,71,71,73,73,79,81,81,83,83,84,84,84,89,93,93,93,98,98,98,98,98,102,105,107,107,109,109,109,109,109,109,111,111,111,111,113,116,116,116,116,116,116,116,116,118,119,120,120,120,120,120,120,120,120,122,122,122,122,125,125,128
0,2,3,5,5,5,5,5,5,5,6,7,7,7,7,7,8,9,9,11,11,11,11,11,11,11,11,13,13,13,13,13,13,13,13,13,13,13,13,13,13,13,13,13,14,15,15,15,15,16,16,16,16,16,16,16,17,17,17,17,17,17,17,18,18,18,18,18,18,18,18,18,18,18,18,20,20,21,21,21,21,21,21,21,21,21,21,21,21,21,21,21,21,21,21,21,21,21,21,21,21
0,4,8,9,9,9,10,10,10,10,12,13,13,13,13,13,15,22,25,26,26,26,26,26,27,27,27,30,31,31,31,31,31,31,31,31,33,33,35,35,35,35,35,35,37,38,39,43,43,46,46,46,47,47,47,47,48,48,48,48,49,54,56,58,58,58,58,58,58,58,58,60,60,61,64,66,70,70,70,70,70,70,70,70,71,73,73,73,73,73,73,73,73,73,75,75,75,75,76,76,81
0,1,1,1,1,1,1,1,1,1,1,1,1,1,1,1,2,2,2,2,2,2,2,2,2,2,2,2,3,3,3,3,3,3,3,3,3,3,3,3,3,3,3,3,3,3,3,3,3,3,3,3,3,3,3,3,3,3,3,3,4,4,4,4,4,4,4,4,4,4,4,4,4,4,5,5,5,5,5,5,5,5,5,5,5,6,6,6,6,6,6,6,6,6,6,6,6,6,6,6,6
0,1,1,1,1,1,1,1,1,1,1,1,1,1,1,1,1,2,2,3,3,3,3,3,3,3,3,3,3,3,3,3,3,3,3,3,3,3,4,4,4,4,4,4,4,4,4,5,5,5,5,5,5,5,5,5,5,5,5,5,6,6,6,6,6,6,6,6,6,6,6,7,7,8,8,8,8,9,9,9,9,9,9,9,9,10,10,10,10,10,10,10,12,12,12,12,12,12,12,12,12
0,2,3,7,7,8,10,10,10,10,12,12,13,13,13,13,14,17,21,23,23,23,23,23,26,26,26,27,29,29,29,29,29,29,30,30,36,36,37,37,37,37,38,39,41,43,43,44,44,46,46,46,52,54,54,54,56,56,56,56,59,61,62,63,63,63,63,63,63,63,63,64,64,66,68,69,72,74,74,74,74,74,74,74,74,77,77,77,77,78,78,78,78,78,80,80,80,80,82,82,82
0,4,5,8,8,8,9,9,9,9,12,12,12,12,12,12,12,13,15,16,16,16,16,16,17,17,17,20,22,22,22,22,22,22,23,23,26,26,29,29,29,29,29,29,29,29,29,29,29,30,30,30,31,32,32,32,34,34,34,34,37,40,44,47,47,50,50,50,50,50,50,53,53,54,57,58,61,61,61,61,61,61,61,61,61,62,63,63,63,63,63,63,64,64,67,67,67,67,68,68,68
0,2,2,2,2,2,3,3,3,3,4,4,5,5,5,5,5,5,5,5,5,5,5,5,5,5,5,5,5,5,5,5,5,5,5,6,8,8,9,9,9,9,10,10,10,10,10,10,10,12,12,12,12,13,13,14,14,14,14,14,14,16,17,18,18,20,20,20,20,20,20,20,20,22,23,25,32,32,32,32,32,32,32,32,32,33,34,34,35,35,35,35,35,35,40,40,40,40,40,40,42
0,3,6,8,8,9,9,9,9,9,14,15,17,17,17,17,21,23,24,28,28,28,28,29,30,30,30,32,34,34,34,34,34,34,36,36,41,41,47,47,47,47,47,47,47,48,50,52,52,54,54,54,55,58,59,59,60,60,60,60,63,69,70,73,73,76,76,76,76,76,76,79,79,83,85,88,90,93,93,93,93,93,93,93,93,96,101,101,101,101,101,101,104,104,107,107,107,107,112,112,115
0,1,2,2,2,2,3,3,3,3,4,4,4,4,4,4,4,4,5,6,6,6,6,6,7,7,7,7,7,7,7,7,7,7,7,7,7,7,8,8,8,8,8,8,8,8,8,8,8,8,8,8,10,10,10,10,10,10,10,10,10,10,12,13,13,13,13,13,13,13,13,13,13,14,15,15,16,17,17,17,17,17,17,17,17,20,20,20,20,20,20,20,20,20,21,21,21,21,23,23,24
0,4,8,16,16,16,22,22,22,22,29,36,38,38,38,38,41,44,52,55,55,55,55,55,61,61,61,63,66,66,66,66,69,69,73,75,76,76,77,77,77,77,78,78,82,87,87,89,89,93,93,93,95,95,99,99,101,101,101,101,104,109,110,111,111,115,115,115,115,115,115,117,117,124,126,130,136,138,138,138,138,138,138,138,138,142,143,143,143,143,143,143,144,144,149,149,149,149,154,154,157
0,3,7,12,12,12,12,12,12,12,13,14,15,15,15,15,17,18,19,20,20,20,20,20,21,21,21,22,24,24,24,24,25,25,26,26,26,26,28,28,28,28,28,28,29,31,31,31,31,32,32,32,35,37,38,38,41,41,41,41,42,43,47,49,49,51,51,51,51,51,51,54,54,54,55,56,56,56,56,56,56,56,56,56,56,58,59,59,60,60,60,60,60,60,62,62,62,62,63,63,63
0,5,7,8,8,8,10,10,10,10,10,11,12,12,12,12,13,13,13,17,17,17,17,17,18,18,18,18,19,19,19,19,22,22,22,22,23,23,23,23,23,23,26,26,28,28,28,29,29,33,33,33,34,34,34,35,35,35,35,35,38,40,41,41,41,44,44,44,44,44,44,46,46,47,50,50,52,53,53,53,53,53,53,53,53,53,54,54,54,55,55,55,55,55,60,60,60,60,61,61,61
0,9,21,31,31,31,41,42,42,42,48,55,64,64,64,64,69,76,91,95,95,95,95,95,103,103,103,109,114,114,114,114,116,116,123,127,133,133,137,137,137,137,139,139,145,147,148,160,160,163,163,163,171,179,180,180,182,182,182,182,191,195,198,200,200,203,203,203,203,203,203,206,206,208,211,211,213,214,214,214,214,214,214,214,214,218,218,218,218,218,218,218,218,218,220,220,220,220,222,222,224
0,5,8,16,16,16,22,22,22,22,26,28,30,30,30,30,33,38,41,45,45,45,45,45,46,46,46,53,56,56,56,56,57,57,58,62,66,66,69,69,69,69,70,70,74,75,75,78,78,79,79,79,80,84,84,84,87,87,87,87,89,91,94,99,99,102,102,102,102,102,102,105,105,108,113,113,117,117,117,117,117,117,117,117,117,118,119,119,119,119,119,119,120,120,122,122,122,122,125,125,129
0,2,2,4,4,4,5,5,5,5,5,6,6,6,6,6,10,10,10,12,12,12,12,12,14,14,14,14,14,14,14,14,14,14,14,14,16,16,18,18,18,18,18,18,20,21,21,21,21,23,23,23,23,24,25,25,25,25,25,25,25,26,29,32,32,34,34,34,34,34,34,35,35,39,40,41,42,46,46,46,46,47,47,47,47,51,55,55,55,55,55,55,56,56,60,60,60,60,64,64,66
0,3,5,7,7,8,10,11,11,11,15,18,19,19,19,19,23,24,27,28,28,28,28,28,30,30,30,33,35,35,35,35,37,37,38,38,40,40,40,40,40,40,41,41,42,42,42,44,44,46,46,46,49,51,53,53,55,55,55,55,58,59,61,62,62,66,66,66,66,66,66,70,70,75,77,77,82,83,83,83,83,83,83,83,83,86,86,86,86,87,87,87,90,90,92,92,92,92,94,94,97
0,3,4,6,6,6,14,15,15,15,20,23,25,25,25,25,29,36,42,46,46,46,46,46,49,49,49,50,54,54,54,54,56,56,62,64,66,66,71,71,71,71,73,73,77,79,80,89,89,92,92,92,97,99,100,101,103,103,103,103,105,109,112,119,119,125,125,125,125,125,125,131,131,138,142,146,149,150,150,150,150,151,151,151,151,156,159,159,160,160,160,160,163,163,167,167,167,167,173,173,174
0,22,29,34,34,34,39,40,41,41,50,58,62,62,62,62,70,75,81,87,87,87,87,87,89,89,89,93,97,97,97,97,97,97,99,101,107,107,109,109,109,109,109,109,113,114,114,119,119,122,122,122,128,130,131,131,132,132,132,132,133,134,135,137,137,138,138,138,138,138,138,140,140,143,143,143,143,144,144,144,144,144,144,144,144,146,148,148,148,148,148,148,148,148,149,149,149,149,153,153,154
0,3,4,4,4,4,5,5,5,5,5,6,7,7,7,7,7,9,10,12,12,12,12,13,14,14,14,16,16,16,16,16,16,16,18,18,20,20,20,20,20,20,20,20,20,21,21,22,22,22,22,22,22,24,25,25,26,26,26,26,26,26,27,29,29,31,31,31,31,31,31,32,32,33,33,33,33,34,34,34,34,34,34,34,35,36,36,36,36,36,36,36,36,36,36,36,36,36,38,38,40
0,1,2,4,4,4,5,5,6,6,7,7,8,8,8,8,8,8,8,10,10,10,10,10,10,10,10,11,12,12,12,12,12,12,12,13,15,15,18,18,18,18,18,18,19,19,19,19,19,19,19,19,19,19,19,19,19,19,19,19,20,21,23,23,23,24,24,24,24,24,24,24,24,24,25,25,27,27,27,27,27,27,27,27,27,27,28,28,28,28,28,28,28,28,28,28,28,28,28,28,29
0,1,1,1,1,1,1,1,1,1,1,1,1,1,1,1,1,1,1,1,1,1,1,1,1,1,1,1,1,1,1,1,1,1,1,1,1,1,1,1,1,1,1,1,1,1,1,1,1,1,1,1,1,1,1,1,1,1,1,1,1,1,1,1,1,1,1,1,1,1,1,1,1,1,1,1,1,1,1,1,1,1,1,1,1,1,1,1,1,1,1,1,1,1,1,1,1,1,1,1,1
0,1,2,2,2,2,5,6,6,6,6,8,9,9,9,9,11,15,16,19,19,19,19,19,20,20,20,23,26,26,26,26,26,26,27,29,30,30,35,35,35,35,35,35,36,36,37,37,37,39,39,39,42,44,46,46,47,47,47,47,48,50,52,53,53,56,56,56,56,56,56,58,58,60,62,63,63,64,64,64,64,64,64,64,65,69,71,71,71,71,71,71,71,71,73,73,73,73,75,75,77
0,3,4,7,7,7,7,7,8,8,12,14,16,16,16,16,20,22,24,24,24,24,24,24,26,26,26,31,32,32,32,32,32,32,32,33,37,37,40,40,40,40,41,41,41,41,42,45,45,50,50,50,51,53,54,54,58,58,58,58,60,63,65,71,71,72,72,72,72,72,72,73,73,74,76,78,84,84,84,84,84,84,84,84,84,85,86,86,86,86,86,86,86,86,87,87,87,87,89,89,92
0,3,10,14,14,15,22,23,25,25,33,35,39,39,39,39,48,57,59,64,64,64,64,64,66,66,66,73,78,78,78,78,79,79,81,83,91,91,96,96,96,96,96,96,104,105,105,109,109,111,111,111,114,118,120,120,121,121,121,121,126,126,128,132,132,135,135,135,135,135,135,138,138,140,143,143,147,149,149,149,149,149,149,149,149,158,162,162,162,162,162,162,163,163,165,165,165,165,167,167,167
0,15,27,37,37,37,50,51,52,52,61,65,73,73,73,73,82,90,94,100,100,100,100,100,105,105,105,114,117,117,117,117,117,117,120,120,123,123,128,128,128,128,129,129,132,134,134,142,142,146,146,146,150,155,155,155,157,157,157,157,159,162,163,163,163,165,165,165,165,165,165,170,170,176,177,177,181,182,182,182,182,182,182,182,182,185,186,186,186,186,186,186,188,188,188,188,188,188,188,188,189
0,9,20,22,22,22,27,27,27,27,32,33,38,38,38,38,40,45,48,50,50,50,50,50,54,54,54,55,61,61,61,61,61,61,64,65,67,67,70,70,70,70,70,70,70,72,72,80,80,83,83,83,87,90,93,94,94,94,94,94,95,98,100,104,104,106,106,106,106,106,106,108,108,115,117,118,122,122,122,122,122,122,122,122,122,123,124,124,124,124,124,124,124,124,125,125,125,125,128,128,130
0,1,1,1,1,1,1,1,1,1,1,1,1,1,1,1,1,1,3,3,3,3,3,3,3,3,3,3,3,3,3,3,3,3,4,4,5,5,5,5,5,5,5,5,6,7,7,8,8,8,8,8,8,9,9,9,9,9,9,9,10,10,12,12,12,12,12,12,12,12,12,13,13,13,14,14,15,15,15,15,15,15,15,15,15,15,15,15,15,15,15,15,15,15,15,15,15,15,15,15,15
0,3,9,12,12,12,14,14,14,14,17,25,29,29,29,29,32,35,39,42,42,42,42,42,43,43,43,45,50,50,50,50,50,50,52,52,53,53,53,53,53,53,53,53,56,57,57,59,59,61,61,61,65,67,68,68,69,69,69,69,71,72,72,73,73,73,73,73,73,73,73,74,74,76,79,82,82,82,82,82,82,82,82,82,82,84,86,86,86,86,86,86,86,86,87,87,87,87,91,91,95
0,6,11,14,14,15,16,17,17,17,28,32,35,35,35,35,41,49,52,57,57,57,57,57,62,62,62,67,72,72,72,72,74,74,80,82,90,90,96,96,96,96,99,99,104,105,106,113,113,117,117,117,124,132,136,136,140,140,140,140,149,159,164,169,169,175,175,175,175,175,175,179,179,182,186,187,192,192,192,192,192,192,192,192,192,195,196,196,196,196,196,196,197,197,200,200,200,200,203,203,208
0,1,1,1,1,1,1,1,1,1,1,1,1,1,1,1,1,1,1,2,2,2,2,2,3,3,3,3,3,3,3,3,3,3,3,3,4,4,4,4,4,4,4,4,6,6,7,7,7,7,7,7,7,7,7,7,7,7,7,7,8,8,9,9,9,10,10,10,10,10,10,10,10,10,10,12,14,14,14,14,14,15,15,15,15,15,16,16,16,16,16,16,16,16,16,16,16,16,16,16,16
0,4,8,9,9,9,10,10,10,10,10,12,16,16,16,16,22,22,22,23,23,23,23,23,25,25,25,25,29,29,29,29,32,32,34,35,36,36,38,38,38,38,38,38,39,39,39,41,41,44,44,44,46,50,51,52,55,55,55,55,58,62,65,68,68,71,71,71,71,71,71,75,75,79,84,86,90,90,90,90,90,90,90,90,91,91,93,93,93,93,93,93,93,93,96,96,96,96,96,96,101
0,1,3,3,3,3,4,4,4,4,6,6,6,6,6,6,6,6,6,6,6,6,6,6,6,6,6,7,7,7,7,7,7,7,8,9,9,9,10,10,10,10,11,11,11,11,11,12,12,12,12,12,12,13,13,13,14,14,14,14,15,15,16,16,16,16,16,16,16,16,16,17,17,17,17,17,18,18,18,18,18,18,18,18,19,19,20,20,20,20,20,20,20,20,21,21,21,21,21,21,22
0,1,1,3,3,3,3,3,3,3,3,4,4,4,4,4,5,5,5,5,5,5,5,5,5,5,5,5,8,8,8,8,8,8,8,8,9,9,9,9,9,9,9,9,9,9,9,9,9,11,11,11,11,12,12,12,12,12,12,12,13,13,14,14,14,14,14,14,14,14,14,15,15,16,16,16,17,17,17,17,17,17,17,17,17,17,17,17,17,17,17,17,17,17,18,18,18,18,20,20,20
0,1,1,1,1,1,2,2,2,2,2,2,3,3,3,3,4,4,4,4,4,4,4,4,4,4,4,4,4,4,4,4,4,4,4,4,4,4,4,4,4,4,4,4,4,4,4,4,4,6,6,6,6,6,6,6,6,6,6,6,6,6,7,7,7,8,8,8,8,8,8,9,9,9,10,10,10,10,10,10,10,10,10,10,10,10,10,10,10,10,10,10,10,10,10,10,10,10,10,10,10
0,3,4,7,7,7,9,9,9,9,10,11,12,12,12,12,14,17,19,20,20,20,20,20,21,21,21,24,28,28,28,28,28,28,30,31,33,33,35,35,35,35,36,36,38,38,39,40,40,42,42,42,45,48,49,49,51,51,51,51,56,58,58,59,59,61,61,61,61,61,61,61,61,64,69,70,74,74,75,75,75,76,76,76,76,79,83,83,84,84,84,84,85,85,88,88,88,88,88,88,90
0,5,10,15,15,16,24,25,25,25,32,39,44,44,44,44,55,65,73,81,81,81,81,81,92,92,92,98,104,104,104,104,107,107,112,115,119,119,125,125,125,125,127,127,136,140,141,145,145,153,153,153,157,162,162,162,168,168,168,168,170,170,175,180,180,181,181,181,181,181,181,183,183,186,188,191,194,194,194,194,194,195,195,195,195,196,196,196,196,196,196,196,197,197,199,199,199,199,203,203,206
0,10,19,29,29,29,34,34,34,34,39,47,51,51,51,51,55,60,62,69,69,69,69,70,73,73,73,79,82,82,82,82,83,83,83,84,85,85,90,90,90,90,90,90,93,95,96,97,97,99,99,99,105,107,109,109,109,109,109,109,112,117,117,118,118,119,119,119,119,119,119,120,120,123,127,129,133,133,133,133,133,133,133,133,133,136,137,137,137,137,137,137,137,137,139,139,139,139,141,141,143
0,2,3,4,4,4,4,4,4,4,6,9,10,10,10,10,11,12,15,16,16,16,16,16,17,17,17,17,18,18,18,18,19,19,20,21,21,21,21,21,21,21,21,21,23,23,23,27,27,28,28,28,28,30,31,31,34,34,34,34,36,39,41,44,44,45,45,45,45,45,45,47,47,49,51,52,54,55,56,56,56,56,56,56,56,59,63,63,63,63,63,63,64,64,66,66,66,66,68,68,72
0,2,6,14,14,14,19,19,19,19,25,27,31,31,31,31,39,43,47,55,55,55,55,55,59,59,59,65,70,70,70,70,74,74,80,82,85,85,89,89,89,89,90,90,93,96,97,103,103,111,111,111,116,123,124,124,126,126,126,126,129,135,143,148,148,151,151,151,151,151,151,155,155,157,161,162,171,173,173,173,173,173,173,173,173,178,180,180,180,180,180,180,180,180,185,185,185,185,186,186,187
0,1,1,2,2,2,6,6,6,6,7,7,8,8,8,8,14,18,20,21,21,21,21,21,22,22,22,24,26,26,26,26,26,26,26,26,29,29,29,29,29,29,30,30,31,31,32,36,36,38,38,38,39,40,40,40,43,43,43,43,46,47,47,47,47,48,48,48,48,48,48,51,51,53,55,55,56,56,56,56,56,56,56,56,56,59,60,60,60,60,60,60,60,60,61,61,61,61,63,63,64
0,3,3,4,4,4,5,5,5,5,6,7,8,8,8,8,11,11,12,14,14,14,14,14,14,14,14,14,14,14,14,14,14,14,14,14,17,17,20,20,20,20,21,21,21,23,24,26,26,27,27,27,28,28,28,28,30,30,30,30,30,30,30,32,32,33,33,33,33,33,33,34,34,35,35,36,38,39,39,39,39,40,40,40,40,41,41,41,41,41,41,41,41,41,42,42,42,42,43,43,43
0,22,36,51,51,52,69,70,70,70,89,97,110,110,110,110,117,130,137,142,142,142,142,142,144,144,144,153,159,159,159,159,159,159,165,167,171,171,174,174,174,174,174,174,178,180,180,182,182,183,183,183,184,189,190,190,192,192,192,192,194,198,201,201,201,202,202,202,202,202,202,203,203,203,207,207,209,209,209,209,209,209,209,209,209,211,212,212,212,212,212,212,212,212,215,215,215,215,218,218,218
0,1,1,2,2,2,2,2,2,2,2,6,7,7,7,7,8,9,10,13,13,13,13,13,13,13,13,15,17,17,17,17,18,18,21,21,22,22,25,25,25,25,25,25,28,29,29,35,35,37,37,37,40,41,41,41,43,43,43,43,45,45,45,45,45,48,48,48,48,48,48,54,54,56,57,58,62,62,62,62,62,62,62,62,62,63,63,63,63,63,63,63,63,63,65,65,65,65,66,66,68
0,3,4,8,8,8,10,10,10,10,11,11,13,13,13,13,17,17,18,18,18,18,18,18,19,19,19,21,22,22,22,22,23,23,25,26,28,28,29,29,29,29,29,29,32,33,33,33,33,37,37,37,40,43,45,45,47,47,47,47,47,48,50,53,53,56,56,56,56,56,56,56,56,56,59,61,62,62,62,62,62,62,62,62,62,64,67,67,67,67,67,67,68,68,71,71,71,71,72,72,73
0,1,4,6,6,6,10,10,10,10,10,11,13,13,13,13,15,15,15,16,16,16,16,17,20,20,20,21,22,22,22,22,22,22,24,25,26,26,26,26,26,26,27,27,32,32,32,32,32,33,33,33,34,38,38,38,39,39,39,39,43,44,45,46,46,46,46,46,46,46,46,46,46,48,48,49,51,52,52,52,52,52,52,52,52,52,53,53,53,53,53,53,53,53,53,53,53,53,54,54,56
0,7,18,23,23,23,27,27,27,27,33,39,45,45,45,45,56,61,74,83,83,83,83,83,90,90,90,96,101,101,101,101,102,102,109,110,113,113,119,119,119,119,120,120,126,129,129,131,131,140,140,140,144,146,147,147,151,151,151,151,153,157,160,164,164,169,169,169,169,169,169,173,173,175,178,179,186,187,187,187,187,187,187,187,187,190,193,193,193,193,193,193,193,193,194,194,194,194,197,197,197
0,7,16,23,23,23,32,32,32,32,43,49,54,54,54,54,57,65,67,74,74,74,74,74,74,74,74,85,88,88,88,88,89,89,93,95,104,104,109,109,109,109,111,111,116,117,118,126,126,127,127,127,135,139,140,140,143,143,143,143,146,147,153,157,157,163,163,163,163,163,163,168,168,171,173,176,181,183,183,183,183,183,183,183,184,186,188,188,188,188,188,188,189,189,193,193,193,193,195,195,198
0,1,4,4,4,4,5,5,5,5,5,5,10,10,10,10,11,11,11,13,13,13,13,13,15,15,15,17,21,21,21,21,22,22,22,22,24,24,26,26,26,26,27,27,29,32,33,35,35,39,39,39,43,45,46,46,48,48,48,48,52,55,62,62,62,65,65,65,65,65,65,65,65,68,72,73,76,76,76,76,76,76,76,76,76,81,82,82,82,82,82,82,83,83,86,86,86,86,90,90,91
0,32,68,95,95,95,110,110,110,110,127,141,148,148,148,148,158,163,172,177,177,177,177,177,180,180,180,187,191,191,191,191,192,192,199,199,200,200,205,205,205,205,206,206,207,208,208,212,212,215,215,215,218,224,224,224,225,225,225,225,231,233,234,236,236,239,239,239,239,239,239,241,241,243,244,245,247,248,248,248,248,248,248,248,248,249,249,249,249,249,249,249,249,249,249,249,249,249,251,251,252
0,3,4,5,5,5,8,10,10,10,10,11,11,11,11,11,11,14,15,15,15,15,15,15,15,15,15,15,17,17,17,17,17,17,18,18,20,20,20,20,20,20,21,21,23,24,25,26,26,26,26,26,26,28,28,28,28,28,28,28,30,30,31,32,32,35,35,35,35,35,35,37,37,38,41,41,42,42,42,42,42,42,42,42,43,43,46,46,46,46,46,46,46,46,49,49,49,49,50,50,52
0,1,4,6,6,6,6,6,6,6,7,9,10,10,10,10,10,11,12,15,15,15,15,15,15,15,15,15,18,18,18,18,18,18,19,20,21,21,21,21,21,21,21,21,23,23,23,24,24,26,26,26,26,28,29,30,31,31,31,31,31,31,34,35,35,36,36,36,36,36,36,36,36,36,38,38,42,42,42,42,42,42,42,42,42,44,44,44,44,44,44,44,44,44,46,46,46,46,47,47,48
0,11,22,38,38,38,46,48,49,49,55,63,68,68,68,68,75,80,83,90,90,90,90,90,96,96,96,99,104,104,104,104,107,107,112,113,117,117,120,120,120,120,123,123,128,129,129,133,133,136,136,136,137,141,142,142,144,144,144,144,145,149,150,152,152,154,154,154,154,154,154,159,159,161,165,165,168,170,170,170,170,170,170,170,170,173,175,175,175,175,175,175,176,176,177,177,177,177,179,179,181
0,13,19,30,30,31,36,37,40,40,47,55,58,58,58,58,63,71,74,76,76,76,76,76,82,82,82,87,90,90,90,90,93,93,99,101,102,102,110,110,110,110,110,110,112,112,113,117,117,119,119,119,124,130,130,130,134,134,134,134,137,140,143,146,146,150,150,150,150,150,150,155,155,156,160,160,163,163,163,163,163,163,163,163,163,163,166,166,166,166,166,166,167,167,169,169,169,169,173,173,173
0,6,16,17,17,17,24,25,25,25,28,30,30,30,30,30,32,37,41,43,43,43,43,43,43,43,43,45,47,47,47,47,47,47,49,49,51,51,55,55,55,55,55,55,62,65,65,66,66,72,72,72,77,81,82,83,86,86,86,86,90,97,98,101,101,104,104,104,104,104,104,105,105,108,112,113,118,118,118,118,118,118,118,118,118,119,121,121,121,121,121,121,121,121,123,123,123,123,124,124,127
0,4,7,9,9,9,13,13,13,13,14,14,17,17,17,17,19,19,20,23,23,23,23,23,24,24,24,26,27,27,27,27,27,27,29,29,30,30,34,34,34,34,34,34,35,35,35,37,37,43,43,43,46,47,48,49,49,49,49,49,51,52,53,55,55,57,57,57,57,57,57,57,57,59,63,63,65,66,66,66,66,66,66,66,66,68,69,69,70,70,70,70,71,71,74,74,74,74,77,77,81
0,5,11,17,17,17,26,26,26,26,33,42,48,48,48,48,51,55,64,69,69,69,69,70,73,73,73,74,77,77,77,77,80,80,83,84,90,90,93,93,93,93,94,94,101,103,103,108,108,112,112,112,113,115,117,117,119,119,119,119,121,126,130,132,132,133,133,133,133,133,133,137,137,141,146,146,150,151,151,151,151,151,151,151,151,153,153,153,153,153,153,153,156,156,160,160,160,160,162,162,164
0,2,3,3,3,3,6,6,6,6,6,9,10,10,10,10,10,12,12,12,12,12,12,12,13,13,13,13,16,16,16,16,16,16,16,16,17,17,18,18,18,18,18,18,18,18,18,18,18,20,20,20,21,21,21,21,21,21,21,21,21,22,25,26,26,26,26,26,26,26,26,27,27,28,28,28,29,31,31,31,31,31,31,31,31,31,31,31,31,31,31,31,31,31,31,31,31,31,32,32,34
0,1,2,3,3,3,3,3,3,3,3,3,4,4,4,4,4,4,5,5,5,5,5,6,7,7,7,7,8,8,8,8,8,8,8,8,9,9,9,9,9,9,9,9,10,10,10,11,11,11,11,11,11,11,11,11,11,11,11,11,12,14,14,15,15,16,16,16,16,16,16,17,17,17,17,19,19,19,19,19,19,19,19,19,19,19,22,22,22,22,22,22,22,22,22,22,22,22,22,22,23
0,2,8,11,11,12,15,15,15,15,16,18,20,20,20,20,23,28,32,34,34,34,34,34,36,36,36,39,41,41,41,41,42,42,45,46,47,47,49,49,49,49,50,50,52,52,52,55,55,55,55,55,56,59,60,61,61,61,61,61,61,62,64,65,65,66,66,66,66,66,66,68,68,70,72,74,77,77,77,77,77,77,77,77,77,81,81,81,81,81,81,81,82,82,84,84,84,84,86,86,89
0,1,1,1,1,1,1,1,1,1,1,1,1,1,1,1,1,1,2,2,2,2,2,2,2,2,2,2,2,2,2,2,2,2,2,2,2,2,2,2,2,2,2,2,2,2,2,2,2,2,2,2,3,3,3,3,3,3,3,3,3,3,3,3,3,3,3,3,3,3,3,3,3,3,3,3,3,3,3,3,3,3,3,3,3,3,3,3,3,3,3,3,3,3,3,3,3,3,3,3,3
0,27,41,64,64,64,78,80,80,80,95,107,119,119,119,119,134,141,147,155,155,155,155,155,159,159,159,175,183,183,183,183,186,186,190,191,197,197,202,202,202,202,202,203,207,209,210,215,215,221,221,221,224,226,230,230,232,232,232,232,236,241,244,250,250,253,253,253,253,253,253,256,256,259,260,261,261,262,262,262,262,262,262,262,262,264,267,267,267,267,267,267,268,268,269,269,269,269,270,270,270
0,29,56,95,95,96,121,122,122,122,144,158,168,168,168,168,187,205,212,218,218,218,218,218,221,221,221,230,238,238,238,238,239,239,241,241,247,247,250,250,250,250,250,250,254,256,256,260,260,265,265,265,268,269,269,269,272,272,272,272,275,278,280,282,282,284,284,284,284,284,284,286,286,288,288,290,292,292,292,292,292,292,292,292,292,294,296,296,296,296,296,296,296,296,296,296,296,296,299,299,299
0,30,72,103,103,105,125,127,128,128,140,154,164,164,164,164,176,190,205,215,215,215,215,215,221,221,221,231,239,239,239,239,240,240,242,243,244,244,247,247,247,247,248,248,250,250,250,254,254,259,259,259,263,266,266,266,269,269,269,269,272,273,273,276,276,276,276,276,276,276,276,278,278,282,284,285,286,286,286,286,286,286,286,286,286,286,287,287,287,287,287,287,287,287,288,288,288,288,289,289,289
0,20,50,78,78,80,91,92,93,93,113,125,137,137,137,137,152,165,172,180,180,180,180,180,195,195,195,205,216,216,216,216,218,218,223,223,230,230,236,236,236,236,236,236,240,241,241,241,241,242,242,242,245,253,253,253,258,258,258,258,260,266,271,273,273,275,275,275,275,275,275,277,277,278,280,281,283,283,283,283,283,283,283,283,283,284,286,286,286,286,286,286,286,286,286,286,286,286,287,287,287
0,3,7,12,12,12,15,15,15,15,21,24,28,28,28,28,31,36,42,48,48,48,48,48,51,51,51,52,59,59,59,59,62,62,64,66,71,71,80,80,80,80,81,81,86,90,90,98,98,103,103,103,105,110,110,112,117,117,117,117,123,127,133,138,138,139,139,139,139,139,139,141,141,150,154,155,157,158,158,158,158,158,158,158,158,165,167,167,167,167,167,167,167,167,169,169,169,169,172,172,174
0,9,25,37,37,37,43,44,44,44,51,55,63,63,63,63,68,75,86,95,95,95,95,96,96,96,96,101,108,108,108,108,108,108,112,115,124,124,127,127,127,127,128,128,133,135,135,142,142,146,146,146,151,155,155,156,159,159,159,159,165,168,170,175,175,181,181,181,181,181,181,189,189,193,200,200,205,205,205,205,205,205,205,205,205,207,210,210,210,210,210,210,210,210,214,214,214,214,219,219,220
0,1,3,7,7,8,11,11,12,12,15,18,18,18,18,18,19,22,26,30,30,30,30,30,36,36,36,36,39,39,39,39,43,43,43,44,45,45,47,47,47,47,47,47,49,49,49,51,51,56,56,56,60,62,63,63,65,65,65,65,66,66,71,73,73,78,78,78,78,78,78,82,82,83,86,87,93,93,93,93,93,93,93,93,93,95,102,102,102,102,102,102,103,103,104,104,104,104,105,105,105
0,31,67,97,97,98,128,130,132,132,150,163,170,170,170,170,187,203,217,223,223,223,223,223,229,229,229,237,245,245,245,245,246,246,248,249,252,252,256,256,256,256,256,256,261,261,262,266,266,270,270,270,273,276,276,276,281,281,281,281,282,284,290,294,294,294,294,294,294,294,294,297,297,299,301,302,306,306,306,306,306,306,306,306,306,310,310,310,310,310,310,310,310,310,310,310,310,310,313,313,313
0,2,2,2,2,2,2,2,2,2,2,2,2,2,2,2,3,4,4,4,4,4,4,4,5,5,5,6,7,7,7,7,7,7,7,7,8,8,10,10,10,10,11,11,14,16,16,18,18,20,20,20,20,21,22,22,22,22,22,22,23,28,28,28,28,29,29,29,29,29,29,31,31,34,36,36,36,36,36,36,36,36,36,36,37,38,40,40,40,40,40,40,40,40,43,43,43,43,47,47,48
0,30,66,100,100,103,129,134,135,135,155,176,194,194,194,194,208,219,236,249,249,249,249,249,256,256,256,265,275,275,275,275,276,276,282,282,287,287,291,291,291,291,291,291,294,297,297,300,300,303,303,303,309,311,311,311,311,311,311,311,313,314,315,316,316,320,320,320,320,320,320,321,321,322,325,325,328,328,328,328,328,328,328,328,329,330,331,331,331,331,331,331,331,331,333,333,333,333,333,333,336
0,17,36,56,56,56,73,73,76,76,88,102,113,113,113,113,118,127,139,144,144,144,144,144,155,155,155,160,166,166,166,166,169,169,171,171,176,176,180,180,180,180,180,180,187,189,189,195,195,200,200,200,205,210,211,211,214,214,214,214,216,221,224,226,226,229,229,229,229,229,229,235,235,236,240,241,242,242,242,242,242,242,242,242,242,243,243,243,243,243,243,243,243,243,245,245,245,245,247,247,248
0,1,1,1,1,1,1,2,2,2,4,5,6,6,6,6,6,9,9,9,9,9,9,9,10,10,10,13,14,14,14,14,14,14,16,18,20,20,20,20,20,20,20,20,23,23,23,23,23,26,26,26,27,28,29,29,31,31,31,31,34,36,38,38,38,42,42,42,42,42,42,44,44,50,53,53,54,56,56,56,56,56,56,56,56,58,60,60,61,61,61,61,62,62,62,62,62,62,67,67,71
0,4,9,14,14,14,17,17,17,17,23,31,37,37,37,37,43,46,54,58,58,58,58,59,67,67,67,70,73,73,73,73,73,73,77,78,84,84,93,93,93,93,94,94,97,98,98,103,103,106,106,106,113,114,116,116,121,121,121,121,125,132,135,141,141,145,145,145,145,145,145,149,149,153,156,157,162,163,163,163,163,163,163,163,164,168,172,172,172,172,172,172,174,174,177,177,177,177,182,182,183
0,6,11,13,13,13,21,21,22,22,27,37,42,42,42,42,47,54,57,63,63,63,63,63,67,67,67,68,73,73,73,73,73,73,76,76,78,78,80,80,80,80,81,81,87,88,88,91,91,96,96,96,101,103,105,105,109,109,109,109,111,113,114,117,117,118,118,118,118,118,118,119,119,123,125,126,126,127,127,127,127,127,127,127,127,129,134,134,134,134,134,134,136,136,140,140,140,140,143,143,144
0,15,25,38,38,39,58,59,59,59,65,78,90,90,90,90,106,119,128,138,138,138,138,138,146,146,146,152,161,161,161,161,164,164,170,172,179,179,185,185,185,185,186,187,202,202,203,207,207,211,211,211,217,218,218,218,220,220,220,220,224,231,234,237,237,242,242,242,242,242,242,244,244,246,250,253,256,256,256,256,256,256,256,256,256,257,257,257,257,257,257,257,258,258,259,259,259,259,261,261,261
0,5,11,17,17,18,24,24,24,24,31,39,46,46,46,46,52,58,64,70,70,70,70,72,84,84,84,94,105,105,105,105,109,109,120,122,132,132,139,139,139,139,145,145,149,149,150,161,161,168,168,168,176,184,185,186,192,192,192,192,196,204,208,214,214,222,222,222,222,222,222,226,226,230,232,234,239,240,240,240,240,240,240,240,240,245,250,250,250,250,250,250,251,251,256,256,256,256,259,259,260
0,2,6,9,9,9,9,9,9,9,13,13,15,15,15,15,15,17,23,24,24,24,24,24,28,28,28,31,37,37,37,37,39,39,43,44,49,49,53,53,53,53,53,53,62,64,64,67,67,72,72,72,78,87,90,90,93,93,93,93,99,107,114,121,121,126,126,126,126,126,126,133,133,138,146,156,160,161,161,161,161,161,161,161,162,168,174,174,174,175,175,175,179,179,187,187,187,187,195,195,199
0,12,25,39,39,39,48,48,48,48,60,69,79,79,79,79,90,97,108,120,120,120,120,120,125,125,125,134,140,140,140,140,140,140,146,146,151,151,161,161,161,161,161,161,167,168,169,174,174,180,180,180,185,189,189,189,190,190,190,190,196,197,201,203,203,206,206,206,206,206,206,210,210,214,220,220,224,224,224,224,224,224,224,224,224,226,228,228,228,228,228,228,228,228,230,230,230,230,233,233,235
0,6,11,14,14,14,19,19,20,20,25,30,41,41,41,41,50,55,57,60,60,60,60,60,62,62,62,64,69,69,69,69,69,69,72,74,78,78,85,85,85,85,88,88,92,93,94,100,100,105,105,105,106,107,107,108,112,112,112,112,117,119,121,122,122,125,125,125,125,125,125,127,127,130,132,132,136,136,136,136,136,136,136,136,137,140,140,140,140,140,140,140,142,142,144,144,144,144,149,149,151
0,5,15,22,22,23,32,32,32,32,37,50,55,55,55,55,66,71,78,87,87,87,87,87,93,93,93,100,111,111,111,111,115,115,121,122,130,130,141,141,141,141,141,141,145,149,151,161,161,168,168,168,172,183,183,183,187,187,187,187,191,195,200,211,211,215,215,215,215,215,215,220,220,222,225,226,227,227,227,227,227,227,227,227,228,229,230,230,230,230,230,230,231,231,233,233,233,233,233,233,233
0,5,9,19,19,20,26,26,26,26,38,46,57,57,57,57,59,64,71,74,74,74,74,75,80,80,80,90,99,99,99,99,102,102,107,109,112,112,120,120,120,120,122,122,127,130,131,137,137,146,146,146,150,157,159,159,165,165,165,165,170,174,177,186,186,190,190,190,190,190,190,196,196,201,207,208,211,212,212,212,212,212,212,212,212,220,222,222,222,222,222,222,223,223,225,225,225,225,227,227,228
0,5,7,13,13,13,20,20,20,20,25,29,32,32,32,32,34,40,48,52,52,52,52,52,53,53,53,56,59,59,59,59,60,60,65,65,67,67,75,75,75,75,77,77,84,86,86,90,90,95,95,95,103,105,106,106,111,111,111,111,114,117,122,127,127,134,134,134,134,134,134,144,144,148,151,155,163,163,163,163,163,163,163,163,163,165,170,170,170,170,170,170,173,173,178,178,178,178,182,182,182
0,10,20,27,27,28,32,33,33,33,40,41,45,45,45,45,52,58,67,73,73,73,73,74,78,78,78,85,90,90,90,90,91,91,95,96,98,98,103,103,103,103,105,105,111,112,112,117,117,122,122,122,129,134,134,134,137,137,137,137,138,140,143,151,151,157,157,157,157,157,157,161,161,165,168,171,171,171,171,171,171,171,171,171,172,175,179,179,179,179,179,179,181,181,183,183,183,183,186,186,188
0,1,1,1,1,1,1,1,1,1,1,1,1,1,1,1,1,1,1,1,1,1,1,1,1,1,1,1,1,1,1,1,1,1,1,1,1,1,1,1,1,1,1,1,1,1,1,1,1,1,1,1,1,1,1,1,1,1,1,1,1,1,2,2,2,2,2,2,2,2,2,2,2,3,3,4,4,4,4,4,4,4,4,4,4,5,5,5,5,5,5,5,5,5,5,5,5,5,5,5,5
0,1,1,1,1,1,1,1,1,1,1,2,4,4,4,4,6,7,7,8,8,8,8,8,9,9,9,10,10,10,10,10,10,10,11,12,14,14,14,14,14,14,14,14,16,17,17,18,18,20,20,20,23,24,24,24,24,24,24,24,25,25,26,27,27,28,28,28,28,28,28,30,30,31,32,33,34,35,35,35,35,35,35,35,35,35,35,35,36,36,36,36,37,37,38,38,38,38,39,39,39
0,19,38,52,52,53,66,70,72,72,89,108,122,122,122,122,135,152,164,177,177,177,177,177,183,183,183,191,200,200,200,200,204,204,212,213,217,217,222,222,222,222,223,223,225,228,228,232,232,240,240,240,242,243,243,243,245,245,245,245,248,257,257,259,259,260,260,260,260,260,260,260,260,261,263,264,266,266,266,266,266,266,266,266,267,267,269,269,269,269,269,269,270,270,274,274,274,274,274,274,275
0,6,13,25,25,25,33,35,35,35,41,47,52,52,52,52,60,70,83,92,92,92,92,92,96,96,96,109,121,121,121,121,124,124,128,132,139,139,146,146,146,146,146,146,156,160,161,167,167,176,176,176,182,184,185,185,188,188,188,188,195,197,203,209,209,213,213,213,213,213,213,222,222,227,230,230,233,233,233,233,233,233,233,233,233,235,237,237,237,237,237,237,237,237,241,241,241,241,243,243,244
0,1,2,5,5,6,7,7,7,7,7,10,11,11,11,11,16,18,20,23,23,23,23,23,25,25,25,28,34,34,34,34,34,34,35,37,43,43,46,46,46,46,46,46,53,53,54,61,61,69,69,69,76,83,83,83,90,90,90,90,92,97,101,111,111,112,112,112,112,112,112,119,119,124,131,132,136,139,139,139,139,139,139,139,139,141,147,147,147,147,147,147,150,150,153,153,153,153,157,157,157
0,4,6,9,9,9,11,12,12,12,14,24,29,29,29,29,35,41,47,52,52,52,52,52,54,54,54,62,66,66,66,66,67,67,70,71,79,79,84,84,84,84,85,85,91,92,93,99,99,102,102,102,108,110,112,113,115,115,115,115,118,121,126,130,130,135,135,135,135,135,135,139,139,143,145,146,146,146,146,146,146,146,146,146,146,153,155,155,155,155,155,155,155,155,155,155,155,155,160,160,161
0,3,5,7,7,9,11,12,13,13,16,19,22,22,22,22,27,33,39,44,44,44,44,44,50,50,50,53,62,62,62,62,64,64,65,66,72,72,74,74,74,74,76,76,81,82,83,88,88,96,96,96,103,105,106,106,112,112,112,112,116,120,125,129,129,132,132,132,132,132,132,134,134,138,145,146,151,152,152,152,152,152,152,152,153,155,157,157,157,157,157,157,157,157,160,160,160,160,167,167,169
0,17,39,57,57,59,84,85,85,85,106,117,130,130,130,130,146,159,171,180,180,180,180,181,186,186,186,198,202,202,202,202,202,202,204,207,209,209,211,211,211,211,213,213,216,216,216,220,220,222,222,222,223,226,227,227,230,230,230,230,232,234,238,243,243,243,243,243,243,243,243,247,247,248,251,251,254,254,254,254,254,254,254,254,254,256,258,258,258,258,258,258,259,259,259,259,259,259,260,260,261
0,4,9,17,17,17,32,33,33,33,42,53,63,63,63,63,76,87,99,120,120,120,120,121,126,126,126,135,149,149,149,149,157,157,167,170,189,189,194,194,194,194,200,200,210,216,218,231,231,239,239,239,253,262,263,263,269,269,269,269,270,275,281,289,289,292,292,292,292,292,292,295,295,298,299,300,302,302,302,302,302,303,303,303,303,305,308,308,308,308,308,308,308,308,314,314,314,314,315,315,317
0,9,21,26,26,26,32,33,33,33,37,45,50,50,50,50,55,62,68,73,73,73,73,73,84,84,84,89,95,95,95,95,97,97,99,99,106,106,115,115,115,115,116,116,122,124,125,127,127,129,129,129,131,135,136,136,142,142,142,142,146,150,152,155,155,163,163,163,163,163,163,166,166,169,175,177,183,184,184,184,184,184,184,184,184,189,191,191,191,191,191,191,191,191,194,194,194,194,197,197,200
0,7,12,16,16,16,17,17,17,17,23,26,29,29,29,29,36,43,46,50,50,50,50,50,59,59,59,61,63,63,63,63,65,65,68,68,69,69,72,72,72,72,72,73,78,80,80,88,88,91,91,91,95,99,101,102,108,108,108,108,115,119,123,131,131,134,134,134,134,134,134,139,139,142,145,147,154,154,154,154,154,154,154,154,154,158,165,165,165,165,165,165,165,165,168,168,168,168,171,171,173
0,1,1,1,1,1,1,1,1,1,3,3,3,3,3,3,5,5,5,6,6,6,6,6,6,6,6,8,9,9,9,9,9,9,10,11,12,12,12,12,12,12,12,12,14,14,14,15,15,16,16,16,19,21,21,21,21,21,21,21,24,24,27,28,28,28,28,28,28,28,28,30,30,33,37,37,40,40,40,40,40,40,40,40,40,41,43,43,43,43,43,43,44,44,46,46,46,46,50,50,55
0,4,11,15,15,15,26,27,27,27,32,43,51,51,51,51,62,71,82,89,89,89,89,89,97,97,97,106,114,114,114,114,116,116,124,127,137,137,148,148,148,148,150,150,161,164,165,173,173,176,176,176,184,194,194,194,200,200,200,200,201,205,208,215,215,217,217,217,217,217,217,220,220,227,231,232,239,239,239,239,239,239,239,239,239,244,245,245,245,245,245,245,245,245,249,249,249,249,249,249,252
0,1,1,1,1,1,1,1,1,1,1,1,1,1,1,1,1,1,1,1,1,1,1,1,1,1,1,1,1,1,1,1,1,1,1,1,1,1,1,1,1,1,1,1,1,1,1,1,1,1,1,1,1,1,1,1,1,1,1,1,1,1,1,1,1,1,1,1,1,1,1,1,1,1,1,1,1,1,1,1,1,1,1,1,1,1,1,1,1,1,1,1,1,1,1,1,1,1,1,1,2
0,1,1,1,1,1,2,2,2,2,2,2,2,2,2,2,2,2,2,2,2,2,2,2,3,3,3,4,6,6,6,6,7,7,8,9,12,12,13,13,13,13,13,13,14,15,15,16,16,17,17,17,18,20,20,20,20,20,20,20,23,26,27,27,27,29,29,29,29,29,29,29,29,30,31,31,32,32,32,32,32,32,32,32,33,35,41,41,41,41,41,41,41,41,42,42,42,42,43,43,44
0,20,31,51,51,53,69,70,71,71,78,95,110,110,110,110,118,125,138,141,141,141,141,141,149,149,149,154,169,169,169,169,169,169,171,172,176,176,182,182,182,182,183,183,187,187,187,193,193,197,197,197,202,205,206,206,209,209,209,209,213,217,219,220,220,225,225,225,225,225,225,227,227,232,237,238,241,241,241,241,241,241,241,241,241,247,247,247,247,247,247,247,247,247,248,248,248,248,248,248,250
0,5,7,10,10,10,12,12,12,12,14,17,17,17,17,17,17,20,22,25,25,25,25,25,28,28,28,33,35,35,35,35,36,36,38,38,42,42,43,43,43,43,43,43,45,46,46,48,48,49,49,49,52,55,56,56,57,57,57,57,59,61,63,67,67,71,71,71,71,71,71,74,74,77,82,84,87,87,87,87,87,87,87,87,87,90,92,92,92,92,92,92,93,93,95,95,95,95,99,99,100
0,2,2,3,3,3,4,4,4,4,4,4,6,6,6,6,9,9,11,11,11,11,11,11,11,11,11,11,14,14,14,14,15,15,15,15,16,16,17,17,17,17,17,17,19,19,19,21,21,21,21,21,21,22,22,22,25,25,25,25,27,28,30,32,32,32,32,32,32,32,32,32,32,33,35,36,39,40,40,40,40,40,40,40,41,42,45,45,45,45,45,45,45,45,48,48,48,48,50,50,52
0,31,83,112,112,113,140,143,145,145,162,179,192,192,192,192,203,212,215,228,228,228,228,228,237,237,237,243,248,248,248,248,249,249,250,250,255,255,258,258,258,258,258,258,259,260,261,261,261,265,265,265,268,269,269,269,269,269,269,269,270,275,277,279,279,280,280,280,280,280,280,283,283,284,287,287,289,289,289,289,289,289,289,289,289,291,291,291,291,291,291,291,291,291,291,291,291,291,292,292,292
0,3,8,16,16,16,21,21,21,21,30,36,41,41,41,41,47,52,59,67,67,67,67,67,70,70,70,75,82,82,82,82,83,83,88,88,96,96,106,106,106,106,107,108,113,118,120,125,125,132,132,132,135,139,139,139,143,143,143,143,144,147,150,154,154,159,159,159,159,159,159,163,163,166,167,168,171,174,174,174,174,175,175,175,176,182,184,184,184,184,184,184,185,185,188,188,188,188,193,193,194
0,5,11,19,19,19,22,22,23,23,33,37,42,42,42,42,45,54,63,67,67,67,67,67,71,71,71,75,78,78,78,78,78,78,86,87,94,94,96,96,96,96,97,97,102,103,103,109,109,112,112,112,115,119,121,122,127,127,127,127,130,133,143,147,147,154,154,154,154,154,154,159,159,162,166,166,169,169,169,169,169,169,169,169,169,172,175,175,175,175,175,175,175,175,177,177,177,177,182,182,184
0,4,5,5,5,6,7,7,7,7,7,10,10,10,10,10,11,11,12,13,13,13,13,13,14,14,14,17,19,19,19,19,19,19,23,25,27,27,33,33,33,33,33,33,37,39,40,42,42,46,46,46,49,53,53,53,54,54,54,54,60,65,73,76,76,78,78,78,78,78,78,83,83,84,87,90,97,98,98,98,98,99,99,99,100,106,109,109,109,109,109,109,110,110,115,115,115,115,117,117,118
0,1,1,1,1,1,1,1,1,1,1,1,1,1,1,1,1,1,1,3,3,3,3,3,4,4,4,5,5,5,5,5,6,6,8,9,9,9,10,10,10,10,10,10,10,10,10,10,10,11,11,11,13,13,13,13,14,14,14,14,14,16,18,20,20,21,21,21,21,21,21,21,21,23,23,24,25,26,26,26,26,26,26,26,26,30,33,33,33,33,33,33,34,34,37,37,37,37,37,37,37
0,2,4,5,5,6,9,9,9,9,12,13,13,13,13,13,21,24,26,30,30,30,30,30,34,34,34,36,41,41,41,41,41,41,45,48,49,49,57,57,57,57,59,59,63,63,63,65,65,68,68,68,72,76,77,77,83,83,83,83,91,93,99,103,103,107,107,107,107,107,107,111,111,113,118,120,123,125,125,125,125,126,126,126,128,133,134,134,134,134,134,134,136,136,142,142,142,142,143,143,147
0,14,25,31,31,32,41,43,43,43,52,65,71,71,71,71,80,89,94,100,100,100,100,100,105,105,105,114,120,120,120,120,122,122,127,129,138,138,151,151,151,151,152,152,161,162,162,165,165,172,172,172,176,177,178,178,181,181,181,181,189,193,196,199,199,202,202,202,202,202,202,204,204,208,209,211,214,215,215,215,215,215,215,215,216,218,219,219,219,219,219,219,219,219,219,219,219,219,220,220,222
0,3,5,7,7,7,7,7,7,7,7,9,10,10,10,10,10,10,10,10,10,10,10,10,10,10,10,12,13,13,13,13,13,13,14,14,15,15,18,18,18,18,19,19,19,20,20,24,24,26,26,26,26,31,31,31,33,33,33,33,34,37,38,40,40,41,41,41,41,41,41,42,42,43,44,44,45,45,45,45,45,45,45,45,45,47,50,50,50,50,50,50,50,50,52,52,52,52,54,54,58
0,4,9,17,17,17,21,21,21,21,23,30,35,35,35,35,38,45,48,53,53,53,53,54,60,60,60,68,78,78,78,78,82,82,89,90,96,96,99,99,99,99,100,100,106,108,109,118,118,126,126,126,132,137,139,139,145,145,145,145,154,158,162,165,165,171,171,171,171,171,171,177,177,180,182,183,187,187,187,187,187,187,187,187,187,191,196,196,196,196,196,196,199,199,200,200,200,200,204,204,206
0,2,8,14,14,14,16,16,16,16,17,21,26,26,26,26,27,27,30,33,33,33,33,33,36,36,36,42,45,45,45,45,48,48,54,54,54,54,58,58,58,58,59,59,62,63,65,69,69,73,73,73,77,81,82,82,83,83,83,83,89,92,99,104,104,105,105,105,105,105,105,113,113,114,116,118,124,124,124,124,124,124,124,124,125,127,133,133,133,133,133,133,134,134,136,136,136,136,140,140,142
0,19,37,54,54,54,67,67,67,67,82,96,107,107,107,107,119,132,138,148,148,148,148,148,156,156,156,167,179,179,179,179,183,183,184,186,193,193,199,199,199,199,199,199,207,211,214,218,218,225,225,225,231,234,235,235,240,240,240,240,247,250,253,256,256,262,262,262,262,262,262,265,265,270,273,274,275,275,275,275,275,275,275,275,276,280,282,282,282,282,282,282,283,283,285,285,285,285,288,288,289
0,18,31,48,48,48,56,59,59,59,76,96,112,112,112,112,123,137,144,154,154,154,154,154,159,159,159,165,173,173,173,173,173,173,178,179,190,190,196,196,196,196,196,196,205,206,206,210,210,216,216,216,220,222,222,223,228,228,228,228,233,238,239,244,244,248,248,248,248,248,248,250,250,253,258,258,261,261,261,261,261,261,261,261,261,262,263,263,263,263,263,263,264,264,265,265,265,265,266,266,266
0,11,23,30,30,30,47,48,48,48,55,62,67,67,67,67,74,81,89,98,98,98,98,98,105,105,105,110,119,119,119,119,120,120,126,128,138,138,143,143,143,143,143,143,146,147,148,154,154,157,157,157,159,165,167,168,170,170,170,170,172,173,176,177,177,180,180,180,180,180,180,183,183,187,188,188,191,192,192,192,192,192,192,192,192,194,197,197,197,197,197,197,197,197,199,199,199,199,200,200,201
0,5,21,30,30,30,47,51,52,52,68,89,104,104,104,104,118,139,153,168,168,168,168,169,177,177,177,193,205,205,205,205,211,211,226,229,235,235,244,244,244,244,244,244,254,256,258,269,269,280,280,280,287,300,301,301,310,310,310,311,317,324,325,328,328,332,332,332,332,332,332,336,336,343,347,347,348,348,348,348,348,348,348,348,348,354,355,355,355,355,355,355,355,355,357,357,357,357,359,359,360
0,16,25,35,35,35,44,44,45,45,52,56,59,59,59,59,64,66,73,75,75,75,75,75,82,82,82,86,91,91,91,91,95,95,97,99,104,104,106,106,106,106,106,106,112,117,117,121,121,127,127,127,132,136,136,136,141,141,141,141,145,148,151,155,155,155,155,155,155,155,155,160,160,163,167,168,173,174,174,174,174,174,174,174,174,178,180,180,180,180,180,180,180,180,182,182,182,182,184,184,185
0,11,23,32,32,33,42,46,47,47,60,79,91,91,91,91,106,111,121,133,133,133,133,133,140,140,140,148,157,157,157,157,159,159,167,168,177,177,186,186,186,186,189,189,193,196,198,202,202,210,210,210,216,229,229,229,231,231,231,231,235,239,243,244,244,250,250,250,250,250,250,253,253,258,258,260,261,261,261,261,261,261,261,261,262,264,267,267,267,267,267,267,267,267,270,270,270,270,274,274,276
0,2,4,5,5,6,8,9,9,9,15,25,35,35,35,35,39,44,51,55,55,55,55,55,62,62,62,74,84,84,84,84,87,87,89,91,96,96,103,103,103,103,107,107,115,116,117,129,129,141,141,141,151,168,171,171,177,177,177,177,184,196,207,212,212,219,219,219,219,219,219,225,225,234,243,249,257,258,258,258,258,258,258,258,259,260,264,264,264,265,265,265,265,265,271,271,271,271,275,275,277
0,6,29,37,37,39,51,51,52,52,65,79,91,91,91,91,100,106,116,121,121,121,121,121,128,128,128,139,147,147,147,147,148,148,153,154,157,157,171,171,171,171,172,172,177,178,178,180,180,185,185,185,191,194,194,194,202,202,202,202,210,213,216,220,220,223,223,223,223,223,223,224,224,226,228,229,233,233,233,233,233,233,233,233,233,235,239,239,239,239,239,239,241,241,243,243,243,243,245,245,248
0,5,14,18,18,18,22,22,22,22,25,31,36,36,36,36,44,48,52,60,60,60,60,60,66,66,66,73,77,77,77,77,78,78,85,87,90,90,98,98,98,98,98,98,110,111,111,116,116,125,125,125,130,134,134,134,136,136,136,136,140,145,146,148,148,153,153,153,153,153,153,156,156,158,159,160,168,169,169,169,169,169,169,169,170,176,180,180,180,180,180,180,180,180,183,183,183,183,184,184,187
0,5,7,10,10,11,11,12,12,12,18,20,21,21,21,21,23,23,26,28,28,28,28,28,30,30,30,33,38,38,38,38,40,40,40,41,44,44,46,46,46,46,47,47,48,50,52,57,57,59,59,59,62,69,70,70,72,72,72,72,79,84,86,91,91,92,92,92,92,92,92,96,96,99,102,104,107,108,108,108,108,108,108,108,108,112,117,117,117,117,117,117,117,117,120,120,120,120,127,127,130
0,23,56,75,75,76,102,103,105,105,130,147,163,163,163,163,178,196,212,218,218,218,218,218,230,230,230,236,245,245,245,245,246,246,249,251,255,255,262,262,262,262,264,264,272,273,273,276,276,281,281,281,283,288,288,288,289,289,289,289,291,292,294,295,295,298,298,298,298,298,298,298,298,301,302,303,305,305,305,305,305,305,305,305,305,305,307,307,307,307,307,307,307,307,307,307,307,307,307,307,307
0,2,3,5,5,5,6,6,6,6,7,7,8,8,8,8,8,9,10,11,11,11,11,11,12,12,12,15,16,16,16,16,16,16,17,18,18,18,20,20,20,20,21,21,22,22,22,23,23,25,25,25,26,29,29,30,30,30,30,30,33,37,38,40,40,42,42,42,42,42,42,44,44,46,46,47,49,49,49,49,49,49,49,49,49,50,53,53,53,53,53,53,53,53,55,55,55,55,57,57,57
0,2,4,4,4,4,5,5,5,5,6,9,11,11,11,11,13,13,14,15,15,15,15,15,17,17,17,19,19,19,19,19,19,19,21,21,21,21,22,22,22,22,22,22,23,25,25,25,25,26,26,26,26,26,27,27,27,27,27,27,29,29,30,30,30,31,31,31,31,31,31,32,32,35,39,39,39,40,40,40,40,40,40,40,40,44,45,45,45,45,45,45,45,45,47,47,47,47,47,47,47
0,1,3,3,3,3,4,4,4,4,6,6,6,6,6,6,7,10,12,13,13,13,13,13,14,14,14,14,15,15,15,15,15,15,16,18,20,20,22,22,22,22,22,22,23,24,24,30,30,34,34,34,37,40,40,40,42,42,42,42,43,45,46,47,47,47,47,47,47,47,47,49,49,49,50,50,52,53,53,53,53,53,53,53,53,55,56,56,56,56,56,56,57,57,57,57,57,57,59,59,63
0,10,14,25,25,25,39,40,40,40,50,59,64,64,64,64,74,87,95,103,103,103,103,104,113,113,113,121,127,127,127,127,132,132,137,140,151,151,163,163,163,163,167,167,175,179,179,186,186,191,191,191,202,209,209,209,214,214,214,214,219,224,232,237,237,238,238,238,238,238,238,245,245,249,250,252,254,255,255,255,255,255,255,255,256,259,259,259,259,259,259,259,259,259,260,260,260,260,261,261,262
0,14,21,28,28,29,41,43,43,43,52,64,68,68,68,68,77,84,92,97,97,97,97,98,105,105,105,110,119,119,119,119,121,121,126,128,128,128,130,130,130,130,130,130,137,139,139,142,142,146,146,146,153,156,156,158,159,159,159,159,164,170,175,177,177,177,177,177,177,177,177,179,179,184,185,187,189,189,189,189,189,189,189,189,189,192,193,193,193,193,193,193,193,193,195,195,195,195,198,198,199
0,5,16,25,25,26,40,41,42,42,51,64,79,79,79,79,89,103,114,127,127,127,127,127,138,138,138,142,152,152,152,152,155,155,161,161,170,170,180,180,180,180,180,180,185,187,187,188,188,188,188,188,192,196,196,197,199,199,199,199,202,206,212,215,215,220,220,220,220,220,220,222,222,224,229,229,231,231,231,231,231,231,231,231,231,234,235,235,235,235,235,235,236,236,237,237,237,237,238,238,239
0,19,51,82,82,83,118,118,118,118,143,164,174,174,174,174,189,204,214,223,223,223,223,223,231,231,231,237,248,248,248,248,250,250,252,252,257,257,266,266,266,266,267,267,272,273,273,278,278,282,282,282,289,294,295,295,298,298,298,298,300,308,309,311,311,314,314,314,314,314,314,315,315,317,320,321,325,325,325,325,325,325,325,325,325,325,325,325,325,325,325,325,325,325,325,325,325,325,327,327,327
0,5,16,23,23,23,31,33,33,33,39,46,49,49,49,49,55,64,70,74,74,74,74,75,80,80,80,91,95,95,95,95,96,96,104,105,108,108,114,114,114,114,114,114,119,119,119,124,124,126,126,126,129,130,130,130,132,132,132,132,135,137,138,139,139,142,142,142,142,142,142,144,144,146,148,152,154,154,154,154,154,154,154,154,154,159,163,163,163,163,163,163,163,163,164,164,164,164,166,166,167
0,1,5,6,6,6,7,7,7,7,7,9,10,10,10,10,12,14,17,19,19,19,19,19,20,20,20,23,28,28,28,28,29,29,29,29,33,33,37,37,37,37,38,38,39,40,40,41,41,45,45,45,47,50,50,50,51,51,51,51,56,58,62,67,67,72,72,72,72,72,72,77,77,86,89,92,93,93,93,93,93,94,94,94,95,98,103,103,103,103,103,103,107,107,109,109,109,109,116,116,123
0,4,11,27,27,29,39,40,40,40,57,64,73,73,73,73,98,110,118,132,132,132,132,132,139,139,139,151,163,163,163,163,164,164,171,174,185,185,191,191,191,191,192,192,201,204,206,215,215,219,219,219,228,235,238,238,242,242,242,242,245,250,255,260,260,265,265,265,265,265,265,269,269,272,273,273,274,274,274,274,274,274,274,274,274,279,284,284,284,284,284,284,284,284,285,285,285,285,285,285,286
0,6,14,21,21,22,28,29,30,30,37,43,47,47,47,47,57,63,70,79,79,79,79,79,94,94,94,107,114,114,114,114,116,116,118,118,124,124,135,135,135,135,135,135,142,142,143,150,150,157,157,157,161,169,171,172,175,175,175,175,179,181,187,192,192,200,200,200,200,200,200,205,205,207,211,212,215,216,216,216,216,216,216,216,217,218,223,223,223,223,223,223,224,224,225,225,225,225,226,226,229
0,1,2,2,2,2,2,2,2,2,2,2,2,2,2,2,3,3,6,6,6,6,6,6,6,6,6,7,9,9,9,9,9,9,10,11,11,11,14,14,14,14,14,14,15,16,17,20,20,23,23,23,25,26,26,26,28,28,28,28,31,35,37,41,41,45,45,45,45,45,45,46,46,51,53,54,56,57,57,57,57,57,57,57,60,64,65,65,65,66,66,66,68,68,71,71,71,71,71,71,73
0,30,55,83,83,86,107,109,110,110,127,147,161,161,161,161,180,196,207,209,209,209,209,209,216,216,216,222,229,229,229,229,230,230,236,237,241,241,245,245,245,245,247,247,250,250,251,258,258,261,261,261,266,268,268,268,270,270,270,270,272,278,281,282,282,284,284,284,284,284,284,285,285,288,291,291,291,291,291,291,291,291,291,291,291,295,296,296,296,296,296,296,297,297,298,298,298,298,298,298,299
0,2,3,3,3,3,5,5,5,5,5,6,7,7,7,7,9,11,12,13,13,13,13,13,15,15,15,16,18,18,18,18,19,19,19,20,25,25,26,26,26,26,26,26,27,28,28,30,30,35,35,35,40,42,42,42,46,46,46,46,49,52,54,57,57,62,62,62,62,62,62,63,63,65,69,69,72,72,72,72,72,73,73,73,75,78,80,80,80,80,80,80,80,80,84,84,84,84,88,88,91
0,2,5,6,6,6,8,10,10,10,16,17,22,22,22,22,28,39,44,53,53,53,53,53,59,59,59,64,69,69,69,69,71,71,76,80,85,85,96,96,96,96,97,97,102,107,111,116,116,123,123,123,136,144,145,145,151,151,151,151,158,164,173,178,178,185,185,185,185,185,185,191,191,198,206,213,217,217,217,217,217,217,217,217,217,222,225,225,225,225,225,225,229,229,238,238,238,238,243,243,248
0,1,3,7,7,7,8,8,9,9,11,11,13,13,13,13,16,18,20,22,22,22,22,22,22,22,22,26,29,29,29,29,29,29,30,31,32,32,34,34,34,34,34,34,36,37,38,39,39,40,40,40,42,46,46,47,47,47,47,47,48,49,51,54,54,55,55,55,55,55,55,58,58,60,63,63,67,67,67,67,67,67,67,67,68,68,72,72,72,72,72,72,73,73,73,73,73,73,77,77,77
0,4,6,11,11,11,11,11,11,11,11,12,15,15,15,15,18,20,23,26,26,26,26,26,29,29,29,31,34,34,34,34,34,34,38,38,43,43,45,45,45,45,45,45,55,58,58,60,60,63,63,63,64,69,70,70,72,72,72,72,77,84,84,89,89,90,90,90,90,90,90,93,93,96,102,103,106,106,106,106,106,106,106,106,106,109,112,112,112,112,112,112,112,112,112,112,112,112,117,117,119
0,11,30,43,43,44,59,64,64,64,73,83,93,93,93,93,103,107,116,123,123,123,123,123,134,134,134,141,147,147,147,147,150,150,150,151,157,157,162,162,162,162,162,162,167,167,168,170,170,172,172,172,177,183,183,183,186,186,186,186,188,193,198,199,199,202,202,202,202,202,202,203,203,203,205,205,205,206,206,206,206,206,206,206,206,207,207,207,207,207,207,207,208,208,210,210,210,210,214,214,217
0,12,17,25,25,25,36,37,38,38,48,60,70,70,70,70,75,85,92,95,95,95,95,97,103,103,103,114,129,129,129,129,133,133,141,141,150,150,158,158,158,158,161,161,166,169,169,172,172,174,174,174,177,182,182,182,188,188,188,188,196,202,212,220,220,224,224,224,224,224,224,226,226,227,230,231,236,237,237,237,237,237,237,237,237,245,248,248,248,248,248,248,249,249,249,249,249,249,253,253,255
0,1,6,7,7,7,12,12,12,12,16,17,21,21,21,21,23,27,34,36,36,36,36,36,39,39,39,42,43,43,43,43,43,43,46,46,47,47,51,51,51,51,51,51,57,60,60,63,63,67,67,67,75,75,75,75,78,78,78,78,81,86,89,95,95,100,100,100,100,100,100,102,102,105,110,111,116,120,120,120,120,121,121,121,121,123,127,127,127,127,127,127,127,127,134,134,134,134,138,138,140
0,1,1,1,1,1,1,1,1,1,1,1,1,1,1,1,1,2,2,3,3,3,3,3,3,3,3,3,3,3,3,3,3,3,3,4,4,4,4,4,4,4,4,4,4,4,4,4,4,5,5,5,6,7,8,8,8,8,8,8,8,8,11,12,12,13,13,13,13,13,13,14,14,15,15,15,15,16,16,16,16,16,16,16,17,19,20,20,20,20,20,20,20,20,20,20,20,20,21,21,22
0,4,11,15,15,15,22,22,23,23,27,33,38,38,38,38,44,54,56,64,64,64,64,65,70,70,70,77,85,85,85,85,87,87,90,90,98,98,107,107,107,107,109,109,120,124,124,130,130,139,139,139,144,151,154,154,158,158,158,158,160,168,175,180,180,181,181,181,181,181,181,183,183,184,191,192,193,194,194,194,194,194,194,194,194,195,197,197,197,197,197,197,199,199,203,203,203,203,206,206,209
0,7,30,47,47,49,74,77,79,79,101,118,133,133,133,133,148,161,172,187,187,187,187,187,196,196,196,209,216,216,216,216,218,218,226,226,237,237,247,247,247,247,247,248,257,258,259,261,261,271,271,271,275,280,281,281,285,285,285,285,290,297,302,304,304,304,304,304,304,304,304,305,305,306,308,309,310,311,311,311,311,311,311,311,311,314,314,314,314,314,314,314,316,316,317,317,317,317,318,318,321
0,14,17,24,24,26,35,35,36,36,47,51,58,58,58,58,67,75,82,90,90,90,90,90,92,92,92,93,100,100,100,100,102,102,109,110,119,119,122,122,122,122,124,124,129,130,130,134,134,136,136,136,146,152,153,153,155,155,155,155,159,163,167,169,169,173,173,173,173,173,173,177,177,182,185,186,190,190,190,190,190,191,191,191,192,194,199,199,199,199,199,199,199,199,203,203,203,203,206,206,208
0,1,1,1,1,1,2,2,2,2,2,2,2,2,2,2,2,3,4,4,4,4,4,4,4,4,4,4,5,5,5,5,5,5,5,5,5,5,6,6,6,6,6,6,6,7,7,7,7,7,7,7,7,8,8,8,11,11,11,11,12,12,13,13,13,13,13,13,13,13,13,13,13,14,15,16,16,17,17,17,17,17,17,17,17,17,18,18,18,18,18,18,18,18,18,18,18,18,18,18,21
0,4,10,16,16,16,19,19,20,20,30,34,38,38,38,38,43,49,52,53,53,53,53,54,57,57,57,59,63,63,63,63,64,64,68,68,72,72,77,77,77,77,79,79,81,85,86,88,88,96,96,96,98,104,104,104,107,107,107,107,114,120,127,132,132,135,135,135,135,135,135,138,138,142,142,144,150,150,150,150,150,150,150,150,150,155,158,158,158,159,159,159,159,159,160,160,160,160,163,163,165
0,9,34,50,50,53,67,68,68,68,80,94,103,103,103,103,112,124,136,148,148,148,148,148,159,159,159,171,181,181,181,181,186,186,191,194,201,201,209,209,209,209,210,210,214,215,215,218,218,222,222,222,227,233,234,234,236,236,236,236,238,245,247,253,253,258,258,258,258,258,258,263,263,264,267,267,269,269,269,269,269,269,269,269,269,272,274,274,274,274,274,274,274,274,277,277,277,277,280,280,281
0,3,12,18,18,18,24,25,25,25,28,35,45,45,45,45,58,66,77,86,86,86,86,86,97,97,97,106,114,114,114,114,117,117,124,127,137,137,145,145,145,145,146,146,155,163,163,168,168,170,170,170,175,182,183,184,188,188,188,188,200,209,213,223,223,225,225,225,225,225,225,231,231,235,239,240,249,250,250,250,250,251,251,251,251,255,258,258,258,258,258,258,260,260,264,264,264,264,268,268,270
0,59,103,132,132,134,162,163,164,164,190,207,216,216,216,216,230,239,245,252,252,252,252,252,259,259,259,266,270,270,270,270,274,274,279,279,281,281,286,286,286,286,286,286,289,292,293,299,299,299,299,299,300,301,301,301,301,301,301,301,303,304,307,310,310,311,311,311,311,311,311,315,315,316,316,317,318,318,318,318,318,318,318,318,318,319,319,319,319,319,319,319,319,319,320,320,320,320,321,321,321
0,10,24,35,35,36,50,53,55,55,66,77,89,89,89,89,106,124,136,145,145,145,145,147,157,157,157,168,178,178,178,178,180,180,187,190,197,197,199,199,199,199,202,202,209,210,211,216,216,219,219,219,225,229,229,229,231,231,231,231,234,235,242,249,249,254,254,254,254,254,254,259,259,264,267,267,267,267,267,267,267,267,267,267,267,269,272,272,272,272,272,272,272,272,274,274,274,274,277,277,277
0,19,29,33,33,33,37,38,38,38,51,60,72,72,72,72,80,87,95,102,102,102,102,102,108,108,108,112,116,116,116,116,119,119,128,128,129,129,134,134,134,134,134,134,140,140,140,146,146,157,157,157,164,169,169,169,170,170,170,170,174,176,181,185,185,188,188,188,188,188,188,192,192,199,202,202,204,204,204,204,204,204,204,204,204,207,210,210,210,210,210,210,210,210,211,211,211,211,213,213,213
0,2,8,13,13,13,15,15,15,15,19,24,28,28,28,28,32,40,45,50,50,50,50,50,59,59,59,64,71,71,71,71,71,71,76,78,87,87,91,91,91,91,91,91,97,100,100,103,103,105,105,105,108,113,114,114,121,121,121,121,123,130,135,141,141,146,146,146,146,146,146,150,150,153,159,162,170,171,171,171,171,171,171,171,173,175,177,177,177,178,178,178,180,180,185,185,185,185,190,190,192
0,4,10,14,14,14,20,20,20,20,28,32,39,39,39,39,51,58,64,71,71,71,71,72,77,77,77,82,90,90,90,90,91,91,93,95,98,98,103,103,103,103,107,107,115,118,121,126,126,134,134,134,136,144,145,145,149,149,149,149,154,160,166,166,166,169,169,169,169,169,169,171,171,173,178,179,184,184,184,184,184,184,184,184,185,186,187,187,187,187,187,187,187,187,188,188,188,188,191,191,195
0,2,5,6,6,6,7,8,8,8,9,10,12,12,12,12,15,15,17,21,21,21,21,21,21,21,21,24,24,24,24,24,25,25,27,28,29,29,34,34,34,34,35,35,39,40,42,43,43,45,45,45,45,48,48,48,53,53,53,53,56,59,63,65,65,65,65,65,65,65,65,66,66,71,74,77,79,80,80,80,80,80,80,80,80,83,86,86,86,86,86,86,87,87,88,88,88,88,91,91,93
0,2,12,20,20,20,30,31,32,32,44,62,74,74,74,74,83,107,118,127,127,127,127,127,135,135,135,146,155,155,155,155,159,159,169,171,183,183,194,194,194,194,194,194,208,213,213,223,223,231,231,231,238,243,243,243,246,246,246,246,250,252,256,259,259,264,264,264,264,264,264,268,268,271,274,277,282,282,282,282,282,282,282,282,282,282,286,286,286,286,286,286,286,286,291,291,291,291,291,291,292
0,5,8,12,12,12,24,24,24,24,27,33,41,41,41,41,53,55,61,65,65,65,65,65,70,70,70,77,87,87,87,87,90,90,94,96,106,106,110,110,110,110,111,111,118,119,121,127,127,133,133,133,135,145,146,146,151,151,151,151,159,166,168,173,173,175,175,175,175,175,175,176,176,178,181,182,186,187,187,187,187,187,187,187,187,190,193,193,193,193,193,193,193,193,195,195,195,195,197,197,199
0,6,13,20,20,21,30,31,32,32,36,44,49,49,49,49,55,61,67,68,68,68,68,68,73,73,73,79,84,84,84,84,84,84,84,84,88,88,94,94,94,94,96,96,102,103,104,105,105,113,113,113,119,126,127,127,129,129,129,129,130,132,135,137,137,139,139,139,139,139,139,142,142,147,151,154,159,161,161,161,161,161,161,161,162,167,170,170,170,170,170,170,172,172,176,176,176,176,179,179,182
0,4,6,7,7,7,10,10,10,10,12,13,13,13,13,13,13,16,16,19,19,19,19,19,19,19,19,22,25,25,25,25,25,25,29,29,31,31,32,32,32,32,33,33,36,36,37,42,42,42,42,42,46,46,47,47,50,50,50,50,53,56,60,61,61,67,67,67,67,67,67,70,70,71,74,75,76,76,76,76,76,76,76,76,76,79,80,80,80,80,80,80,82,82,85,85,85,85,89,89,94
0,4,12,18,18,18,21,22,22,22,27,32,40,40,40,40,47,54,63,71,71,71,71,71,74,74,74,83,86,86,86,86,86,86,91,91,93,93,101,101,101,101,102,102,108,110,111,112,112,115,115,115,117,120,120,120,123,123,123,123,125,126,132,136,136,138,138,138,138,138,138,140,140,144,150,152,158,158,158,158,158,158,158,158,159,164,166,166,166,166,166,166,167,167,169,169,169,169,171,171,173
0,25,46,80,80,81,103,104,106,106,124,138,144,144,144,144,165,174,181,190,190,190,190,192,195,195,195,201,213,213,213,213,214,214,215,217,228,228,232,232,232,232,232,232,233,233,233,235,235,241,241,241,243,247,247,247,247,247,247,247,251,253,257,259,259,261,261,261,261,261,261,263,263,269,270,270,271,271,271,271,271,271,271,271,271,274,275,275,275,275,275,275,275,275,276,276,276,276,278,278,279
0,1,1,1,1,1,1,1,1,1,1,1,1,1,1,1,1,1,2,2,2,2,2,2,2,2,2,2,2,2,2,2,2,2,2,2,2,2,3,3,3,3,3,3,3,3,3,4,4,4,4,4,4,4,4,4,4,4,4,4,4,4,4,4,4,4,4,4,4,4,4,4,4,4,4,4,4,4,4,4,4,4,4,4,4,6,6,6,6,6,6,6,6,6,7,7,7,7,8,8,9
0,2,5,8,8,8,9,9,9,9,10,11,14,14,14,14,18,18,21,22,22,22,22,22,23,23,23,25,28,28,28,28,29,29,31,31,31,31,33,33,33,33,34,34,34,36,36,38,38,42,42,42,44,49,50,50,55,55,55,55,59,63,65,68,68,71,71,71,71,71,71,72,72,76,78,79,81,83,83,83,83,83,83,83,84,87,95,95,95,95,95,95,97,97,98,98,98,98,100,100,101
0,19,39,60,60,61,73,75,77,77,89,106,124,124,124,124,133,145,157,167,167,167,167,169,174,174,174,183,189,189,189,189,190,190,192,193,197,197,203,203,203,203,204,204,206,208,208,213,213,216,216,216,217,218,218,218,218,218,218,218,220,227,232,235,235,240,240,240,240,240,240,242,242,244,247,247,250,250,250,250,250,250,250,250,250,252,254,254,254,254,254,254,254,254,254,254,254,254,256,256,257
0,3,7,11,11,12,19,21,21,21,28,38,39,39,39,39,46,50,52,60,60,60,60,60,65,65,65,73,79,79,79,79,83,83,86,88,96,96,105,105,105,105,107,107,113,117,119,130,130,138,138,138,146,152,156,157,159,159,159,159,165,168,174,180,180,187,187,187,187,187,187,195,195,200,207,208,213,214,214,214,214,214,214,214,216,218,223,223,223,223,223,223,225,225,229,229,229,229,233,233,235
0,6,14,24,24,25,38,38,38,38,45,63,84,84,84,84,100,118,128,145,145,145,145,145,161,161,161,176,190,190,190,190,194,194,206,210,216,216,222,222,222,222,225,225,239,240,241,250,250,257,257,257,263,268,270,270,274,274,274,274,281,287,293,305,305,309,309,309,309,309,309,314,314,316,323,325,328,328,328,328,328,328,328,328,328,333,333,333,333,333,333,333,333,333,334,334,334,334,335,335,337
0,5,15,30,30,30,41,42,43,43,49,62,69,69,69,69,80,92,102,116,116,116,116,116,122,122,122,130,135,135,135,135,137,137,139,141,142,142,145,145,145,145,145,145,149,151,152,154,154,162,162,162,166,172,172,173,175,175,175,175,180,185,188,190,190,194,194,194,194,194,194,198,198,200,205,207,211,211,211,211,211,211,211,211,212,214,216,216,216,216,216,216,216,216,220,220,220,220,225,225,226
0,2,4,7,7,7,10,12,12,12,13,17,19,19,19,19,20,24,26,27,27,27,27,27,27,27,27,34,36,36,36,36,36,36,38,38,41,41,42,42,42,42,43,43,45,45,45,50,50,52,52,52,55,60,61,61,62,62,62,62,66,74,77,79,79,84,84,84,84,84,84,87,87,88,90,91,91,92,92,92,92,92,92,92,92,97,99,99,99,99,99,99,101,101,103,103,103,103,106,106,108
0,7,17,24,24,24,30,31,31,31,41,47,56,56,56,56,57,60,67,77,77,77,77,77,81,81,81,84,87,87,87,87,88,88,92,94,98,98,103,103,103,103,104,104,109,111,111,115,115,118,118,118,122,125,128,128,131,131,131,131,140,148,151,153,153,158,158,158,158,158,158,160,160,165,167,170,172,172,172,172,172,173,173,173,173,178,179,179,179,179,179,179,179,179,185,185,185,185,188,188,189
0,3,8,10,10,10,11,12,13,13,21,26,32,32,32,32,42,45,48,52,52,52,52,52,58,58,58,64,68,68,68,68,69,69,78,81,88,88,95,95,95,95,97,97,103,106,106,114,114,120,120,120,127,132,134,135,139,139,139,139,144,150,157,165,165,171,171,171,171,171,171,175,175,179,186,189,196,196,196,196,196,196,196,196,198,203,205,205,205,205,205,205,207,207,210,210,210,210,213,213,217
0,7,16,27,27,27,41,41,41,41,56,64,71,71,71,71,79,82,87,94,94,94,94,95,100,100,100,107,113,113,113,113,116,116,126,127,132,132,140,140,140,140,141,141,145,148,148,158,158,165,165,165,169,173,177,177,177,177,177,177,184,187,193,199,199,202,202,202,202,202,202,203,203,208,208,209,214,216,216,216,216,216,216,216,216,221,223,223,223,223,223,223,223,223,226,226,226,226,230,230,233
0,7,14,23,23,24,26,27,27,27,36,44,51,51,51,51,55,60,67,72,72,72,72,72,73,73,73,81,90,90,90,90,91,91,95,95,99,99,106,106,106,106,107,107,111,112,112,114,114,118,118,118,119,120,120,120,121,121,121,121,125,129,133,139,139,144,144,144,144,144,144,148,148,149,152,153,155,155,155,155,155,155,155,155,155,157,158,158,159,159,159,159,159,159,160,160,160,160,161,161,163
0,3,4,8,8,8,10,10,10,10,14,18,20,20,20,20,24,25,26,30,30,30,30,30,33,33,33,36,39,39,39,39,40,40,45,46,46,46,51,51,51,51,52,52,58,61,61,66,66,68,68,68,68,73,74,74,80,80,80,80,82,85,86,93,93,97,97,97,97,97,97,102,102,107,111,112,118,120,121,121,121,121,121,121,121,123,124,124,124,124,124,124,124,124,126,126,126,126,130,130,130
0,4,6,11,11,11,15,16,17,17,22,23,27,27,27,27,31,35,45,58,58,58,58,58,62,62,62,74,84,84,84,84,88,88,89,90,97,97,106,106,106,106,107,107,112,115,116,122,122,128,128,128,134,143,145,145,147,147,147,147,154,161,167,176,176,186,186,186,186,186,186,191,191,198,210,211,217,219,219,219,219,219,219,219,219,221,227,227,227,227,227,227,228,228,235,235,235,235,242,242,245
0,1,4,5,5,6,9,10,10,10,13,15,19,19,19,19,21,22,24,29,29,29,29,29,31,31,31,32,35,35,35,35,39,39,42,42,45,45,53,53,53,53,54,54,60,62,62,65,65,71,71,71,76,82,85,85,90,90,90,90,94,98,104,109,109,112,112,112,112,112,112,118,118,122,127,128,135,136,136,136,136,136,136,136,136,143,145,145,145,145,145,145,146,146,147,147,147,147,152,152,153
0,10,14,25,25,25,35,35,36,36,44,48,51,51,51,51,52,57,60,65,65,65,65,65,69,69,69,73,80,80,80,80,82,82,88,89,94,94,98,98,98,98,98,98,100,100,100,101,101,105,105,105,108,113,113,115,116,116,116,116,119,120,121,124,124,127,127,127,127,127,127,130,130,134,138,140,140,140,140,140,140,141,141,141,142,145,145,145,145,145,145,145,146,146,148,148,148,148,150,150,150
0,3,7,13,13,13,17,17,17,17,19,22,23,23,23,23,25,27,30,32,32,32,32,34,34,34,34,37,40,40,40,40,41,41,43,44,51,51,57,57,57,57,57,57,63,63,63,69,69,75,75,75,77,81,83,83,87,87,87,87,92,96,97,104,104,113,113,113,113,113,113,117,117,126,132,137,141,143,143,143,143,143,143,143,144,147,152,152,152,152,152,152,153,153,156,156,156,156,165,165,168
0,30,54,74,74,74,84,86,87,87,104,119,129,129,129,129,143,155,169,176,176,176,176,176,185,185,185,190,195,195,195,195,197,197,204,209,216,216,223,223,223,223,223,223,225,226,226,231,231,233,233,233,238,247,248,248,249,249,249,249,254,255,256,258,258,261,261,261,261,261,261,267,267,268,268,268,273,273,273,273,273,273,273,273,273,276,278,278,278,278,278,278,278,278,278,278,278,278,280,280,280
0,1,1,1,1,1,1,1,1,1,1,2,3,3,3,3,3,3,3,3,3,3,3,3,3,3,3,4,5,5,5,5,5,5,5,5,5,5,5,5,5,5,5,5,8,8,8,8,8,8,8,8,8,8,8,8,8,8,8,8,8,8,8,10,10,10,10,10,10,10,10,10,10,10,10,10,10,10,10,10,10,10,10,10,10,10,11,11,11,11,11,11,12,12,12,12,12,12,13,13,18
0,6,17,30,30,30,42,45,45,45,54,59,64,64,64,64,66,72,77,79,79,79,79,80,83,83,83,87,92,92,92,92,92,92,92,92,97,97,100,100,100,100,100,101,105,106,106,118,118,122,122,122,130,133,135,135,137,137,137,137,140,146,152,157,157,164,164,164,164,164,164,164,164,168,173,173,177,177,177,177,177,177,177,177,177,181,184,184,184,184,184,184,184,184,184,184,184,184,186,186,186
0,1,1,1,1,1,2,2,2,2,2,2,2,2,2,2,2,2,2,2,2,2,2,2,3,3,3,3,3,3,3,3,4,4,5,5,5,5,5,5,5,5,5,5,5,5,5,5,5,5,5,5,5,5,5,5,5,5,5,5,5,5,5,5,5,5,5,5,5,5,5,6,6,6,6,6,7,7,7,7,7,7,7,7,7,9,9,9,9,9,9,9,10,10,10,10,10,10,12,12,12
0,11,23,34,34,34,57,60,61,61,75,95,108,108,108,108,126,148,162,175,175,175,175,175,181,181,181,190,199,199,199,199,204,204,207,208,217,217,227,227,227,227,230,230,238,242,243,244,244,249,249,249,254,262,263,263,265,265,265,265,270,273,277,280,280,284,284,284,284,284,284,288,288,292,294,295,298,300,300,300,300,300,300,300,300,303,304,304,304,304,304,304,304,304,305,305,305,305,305,305,306
0,18,28,41,41,41,51,52,52,52,62,68,75,75,75,75,79,87,95,106,106,106,106,106,110,110,110,119,125,125,125,125,127,127,130,130,138,138,151,151,151,151,151,151,157,158,158,162,162,167,167,167,173,185,185,185,190,190,190,190,192,195,197,197,197,198,198,198,198,198,198,201,201,202,202,204,206,207,207,207,207,207,207,207,207,209,212,212,212,212,212,212,214,214,214,214,214,214,215,215,216
0,11,34,60,61,62,70,70,71,71,86,93,96,96,96,96,102,110,119,131,131,131,131,131,139,139,139,141,145,145,145,145,146,146,156,157,160,160,167,167,167,167,169,169,173,177,177,179,179,184,184,184,187,193,193,193,197,197,197,197,201,205,210,212,212,216,216,216,216,216,216,223,223,225,225,225,226,226,226,226,226,226,226,226,226,228,229,229,229,229,229,229,229,229,231,231,231,231,232,232,232
0,1,1,1,1,1,2,2,2,2,2,2,2,2,2,2,2,2,2,2,2,2,2,2,2,2,2,3,3,3,3,3,4,4,5,5,5,5,7,7,7,7,7,7,7,7,7,7,7,7,7,7,8,9,9,9,11,11,11,11,12,13,13,14,14,15,15,15,15,15,15,16,16,16,17,18,18,19,19,19,19,19,19,19,20,23,25,25,25,25,25,25,26,26,28,28,28,28,29,29,32
0,12,20,26,26,27,33,33,33,33,40,44,51,51,51,51,61,65,74,83,83,83,83,83,87,87,87,94,102,102,102,102,104,104,106,108,120,120,125,125,125,125,127,127,128,131,132,137,137,142,142,142,147,153,153,153,154,154,154,154,160,169,177,184,184,187,187,187,187,187,187,189,189,189,193,196,199,201,202,202,202,202,202,202,202,202,206,206,206,206,206,206,207,207,208,208,208,208,208,208,211
0,6,12,21,21,21,25,25,25,25,26,29,36,36,36,36,40,45,47,48,48,48,48,48,55,55,55,59,60,60,60,60,61,61,63,64,69,69,73,73,73,73,74,74,76,77,77,79,79,82,82,82,84,85,85,85,89,89,89,89,91,91,93,96,96,97,97,97,97,97,97,98,98,100,101,102,104,104,104,104,104,104,104,104,104,105,106,106,106,107,107,107,107,107,109,109,109,109,114,114,119
0,1,2,3,3,3,5,5,5,5,5,5,6,6,6,6,6,6,10,10,10,10,10,10,10,10,10,11,11,11,11,11,11,11,11,12,13,13,15,15,15,15,15,15,16,18,18,19,19,20,20,20,23,24,24,24,26,26,26,26,30,34,35,37,37,39,39,39,39,39,39,40,40,42,44,46,47,47,47,47,47,48,48,48,48,51,52,52,52,52,52,52,53,53,56,56,56,56,60,60,65
0,3,3,4,4,4,5,5,5,5,7,7,9,9,9,9,11,13,16,17,17,17,17,17,17,17,17,21,21,21,21,21,23,23,26,28,32,32,37,37,37,37,39,39,41,41,41,45,45,48,48,48,51,53,54,54,59,59,59,59,60,69,74,80,80,81,81,81,81,81,81,87,87,89,90,90,91,91,91,91,91,91,91,91,91,94,96,96,96,96,96,96,98,98,100,100,100,100,100,100,105
0,5,10,16,16,17,26,27,27,27,36,38,43,43,43,43,47,53,60,71,71,71,71,72,82,82,82,89,94,94,94,94,98,98,100,100,102,102,107,107,107,107,107,107,112,116,116,121,121,125,125,125,132,141,142,142,145,145,145,145,147,148,155,158,158,165,165,165,165,165,165,168,168,170,176,176,180,180,181,181,181,181,181,181,182,186,190,190,190,190,190,190,191,191,196,196,196,196,201,201,206
0,1,3,3,3,3,6,6,7,7,11,13,13,13,13,13,14,15,15,18,18,18,18,18,18,18,18,20,21,21,21,21,24,24,25,25,25,25,28,28,28,28,30,30,32,33,33,35,35,36,36,36,43,45,47,47,52,52,52,52,57,59,62,65,65,67,67,67,67,67,67,71,71,73,78,80,85,85,85,85,85,85,85,85,85,87,89,89,89,89,89,89,91,91,98,98,98,98,102,102,104
0,1,2,6,6,6,7,7,7,7,7,8,8,8,8,8,10,11,14,16,16,16,16,16,17,17,17,18,20,20,20,20,21,21,23,24,26,26,27,27,27,27,27,27,28,29,30,32,32,35,35,35,36,36,37,38,40,40,40,40,42,44,46,53,53,55,55,55,55,55,55,57,57,57,60,61,65,67,67,67,67,67,67,67,67,68,70,70,70,70,70,70,72,72,73,73,73,73,78,78,78
0,1,3,4,4,4,4,4,4,4,4,5,8,8,8,8,11,13,19,20,20,20,20,20,22,22,22,23,23,23,23,23,24,24,27,28,32,32,36,36,36,36,37,37,39,40,41,46,46,53,53,53,54,57,58,59,61,61,61,61,64,67,73,80,80,81,81,81,81,81,81,84,84,87,92,93,98,100,101,101,101,102,102,102,103,107,107,107,107,108,108,108,109,109,113,113,113,113,119,119,120
0,23,41,46,46,47,53,55,55,55,73,81,88,88,88,88,93,104,111,119,119,119,119,119,122,122,122,130,143,143,143,143,145,145,151,152,157,157,162,162,162,162,163,163,166,166,166,171,171,173,173,173,179,179,179,179,181,181,181,181,184,187,194,195,195,198,198,198,198,198,198,201,201,203,203,203,206,206,206,206,206,206,206,206,206,208,211,211,211,211,211,211,211,211,213,213,213,213,216,216,216
0,1,5,7,7,7,11,11,11,11,13,13,18,18,18,18,25,31,37,43,43,43,43,43,45,45,45,50,56,56,56,56,58,58,66,68,75,75,81,81,81,81,82,83,87,90,91,93,93,103,103,103,112,116,116,117,120,120,120,120,123,125,132,133,133,138,138,138,138,138,138,141,141,145,150,151,156,156,156,156,156,156,156,156,158,163,167,167,167,167,167,167,171,171,175,175,175,175,178,178,181
0,3,7,11,11,11,15,15,16,16,27,32,40,40,40,40,46,51,60,68,68,68,68,69,78,78,78,88,97,97,97,97,98,98,102,106,115,115,117,117,117,117,121,121,128,129,129,138,138,143,143,143,149,155,156,156,160,160,160,160,165,171,176,186,186,189,189,189,189,189,189,193,193,195,199,201,204,204,204,204,204,205,205,205,206,210,213,213,213,213,213,213,216,216,216,216,216,216,219,219,225
0,24,47,67,67,67,76,78,78,78,91,101,106,106,106,106,115,125,130,141,141,141,141,141,144,144,144,150,153,153,153,153,156,156,160,160,165,165,172,172,172,172,172,172,176,178,178,178,178,183,183,183,185,188,189,189,192,192,192,192,194,199,200,200,200,200,200,200,200,200,200,202,202,203,204,204,207,207,207,207,207,207,207,207,207,208,208,208,208,208,208,208,208,208,209,209,209,209,213,213,213
0,4,6,9,9,9,12,12,12,12,14,16,17,17,17,17,22,25,25,25,25,25,25,25,28,28,28,32,36,36,36,36,36,36,38,38,42,42,47,47,47,47,50,50,56,56,59,67,67,72,72,72,75,78,78,78,80,80,80,80,87,94,100,106,106,110,110,110,110,110,110,113,113,115,119,122,124,126,126,126,126,126,126,126,126,131,135,135,135,135,135,135,136,136,143,143,143,143,155,155,161
0,17,31,46,46,46,61,62,63,63,73,88,96,96,96,96,113,126,140,153,153,153,153,153,164,164,164,166,178,178,178,178,180,180,187,188,195,195,203,203,203,203,203,203,206,210,210,212,212,219,219,219,222,230,231,231,233,233,233,233,238,243,247,249,249,251,251,251,251,251,251,254,254,258,260,260,260,260,260,260,260,261,261,261,261,266,267,267,267,267,267,267,268,268,268,268,268,268,270,270,271
0,1,2,2,2,2,2,2,2,2,2,2,2,2,2,2,2,2,2,2,2,2,2,2,2,2,2,2,2,2,2,2,2,2,2,2,2,2,2,2,2,2,2,2,2,2,2,2,2,2,2,2,2,2,2,2,2,2,2,2,2,2,2,2,2,2,2,2,2,2,2,2,2,2,2,2,2,2,2,2,2,2,2,2,2,2,2,2,2,2,2,2,2,2,2,2,2,2,2,2,2
0,3,7,14,14,14,22,22,22,22,28,37,39,39,39,39,50,53,59,66,66,66,66,66,71,71,71,75,87,87,87,87,88,88,91,93,102,102,107,107,107,107,107,107,112,114,115,121,121,125,125,125,132,138,139,140,143,143,143,143,150,155,157,163,163,170,170,170,170,170,170,178,178,181,182,182,187,188,188,188,188,190,190,190,190,193,196,196,197,198,198,198,201,201,204,204,204,204,204,204,209
0,1,3,6,6,6,6,6,7,7,8,9,9,9,9,9,11,11,12,13,13,13,13,13,14,14,14,14,16,16,16,16,17,17,18,19,20,20,21,21,21,21,21,21,24,25,25,27,27,27,27,27,28,31,32,32,34,34,34,34,37,37,39,41,41,42,42,42,42,42,42,43,43,44,46,47,48,50,50,50,50,50,50,50,50,53,56,56,56,56,56,56,56,56,56,56,56,56,58,58,58
0,1,2,5,5,5,6,7,7,7,9,10,11,11,11,11,16,18,19,20,20,20,20,20,22,22,22,26,27,27,27,27,27,27,31,31,36,36,41,41,41,41,41,41,45,49,49,49,49,51,51,51,53,57,58,58,62,62,62,62,66,68,68,71,71,72,72,72,72,72,72,77,77,83,85,87,89,90,91,91,91,91,91,91,91,91,96,96,96,96,96,96,96,96,101,101,101,101,106,106,107
0,5,15,25,25,25,33,33,34,34,46,48,53,53,53,53,56,61,68,74,74,74,74,74,76,76,76,78,85,85,85,85,86,86,90,91,98,98,104,104,104,104,104,104,106,106,106,111,111,113,113,113,116,116,118,118,119,119,119,119,130,133,135,138,138,142,142,142,142,142,142,145,145,147,154,161,161,161,161,161,161,162,162,162,162,163,165,165,165,165,165,165,165,165,166,166,166,166,167,167,170
0,20,53,87,88,89,109,109,109,109,127,139,150,150,150,150,164,182,194,200,200,200,200,201,203,203,203,216,227,227,227,227,228,228,234,235,240,240,250,250,250,250,251,251,259,260,260,263,263,266,266,266,271,273,273,273,275,275,275,275,280,285,292,294,294,295,295,295,295,295,295,299,299,301,302,304,305,305,305,305,305,305,305,305,305,308,309,309,309,309,309,309,310,310,312,312,312,312,313,313,314
0,2,3,4,4,4,8,8,8,8,13,15,16,16,16,16,16,17,21,25,25,25,25,26,29,29,29,33,41,41,41,41,41,41,42,43,48,48,50,50,50,50,52,52,54,56,58,62,62,69,69,69,73,74,76,77,81,81,81,81,88,91,95,102,102,107,107,107,107,107,107,111,111,117,122,124,129,129,129,129,129,129,129,129,130,132,135,135,135,135,135,135,138,138,144,144,144,144,146,146,149
0,2,4,6,6,6,9,9,9,9,14,18,19,19,19,19,22,24,27,29,29,29,29,29,33,33,33,39,43,43,43,43,44,44,44,45,46,46,46,46,46,46,47,47,51,53,53,55,55,56,56,56,57,61,63,63,65,65,65,65,71,76,81,84,84,89,89,89,89,89,89,96,96,100,106,106,113,116,116,116,116,116,116,116,116,122,126,126,126,126,126,126,127,127,127,127,127,127,129,129,133
0,11,23,29,29,31,42,44,46,46,54,60,64,64,64,64,70,75,89,98,98,98,98,98,106,106,106,113,118,118,118,118,118,118,122,124,135,135,139,139,139,139,141,141,146,147,147,151,151,160,160,161,163,164,165,165,171,171,171,171,174,177,179,185,185,189,189,189,189,189,189,192,192,194,197,197,200,200,200,200,200,200,200,200,200,205,210,210,210,210,210,210,210,210,212,212,212,212,215,215,218
0,30,56,70,70,70,81,82,84,84,97,114,123,123,123,123,130,138,145,149,149,149,149,150,158,158,158,163,166,166,166,166,168,168,168,169,173,173,175,175,175,175,175,175,183,183,183,184,184,187,187,187,189,193,194,194,198,198,198,198,199,199,202,205,205,205,205,205,205,205,205,205,205,208,209,212,213,213,213,213,213,213,213,213,214,216,216,216,216,216,216,216,216,216,219,219,219,219,219,219,219
0,3,4,6,6,7,7,7,7,7,8,10,13,13,13,13,15,16,22,27,27,27,27,27,34,34,34,35,40,40,40,40,41,41,45,47,51,51,54,54,54,54,54,54,59,61,61,65,65,69,69,69,73,77,78,78,82,82,82,82,91,95,99,104,104,108,108,108,108,108,108,117,117,122,125,128,136,137,137,137,137,139,139,139,139,141,145,145,145,145,145,145,145,145,153,153,153,153,154,154,155
0,31,71,113,113,115,166,169,170,170,197,222,236,236,236,236,253,264,277,285,285,285,285,286,295,295,295,302,309,309,309,309,309,309,312,314,318,318,321,321,321,321,321,321,325,325,325,332,332,336,336,336,339,340,340,340,341,341,341,341,342,345,345,348,348,351,351,351,351,351,351,352,352,355,355,355,355,355,355,355,355,355,355,355,355,357,357,357,357,357,357,357,357,357,357,357,357,357,357,357,357
0,1,1,1,1,1,1,1,1,1,1,1,1,1,1,1,1,1,1,1,1,1,1,1,1,1,1,1,1,1,1,1,1,1,1,1,1,1,1,1,1,1,1,1,1,1,1,1,1,2,2,2,2,2,2,2,2,2,2,2,2,2,2,2,2,2,2,2,2,2,2,2,2,2,3,3,3,3,3,3,3,3,3,3,3,3,3,3,3,3,3,3,3,3,3,3,3,3,3,3,3
0,1,2,2,2,2,2,3,3,3,3,3,4,4,4,4,7,9,11,12,12,12,12,12,16,16,16,18,22,22,22,22,22,22,24,24,25,25,25,25,25,25,25,25,29,30,30,33,33,34,34,34,36,38,38,38,39,39,39,39,41,44,49,52,52,54,54,54,54,54,54,60,60,62,65,68,69,70,70,70,70,70,70,70,70,70,71,71,72,72,72,72,72,72,72,72,72,72,75,75,75
0,6,20,30,30,30,36,36,37,37,52,63,71,71,71,71,78,86,91,98,98,98,98,99,104,104,104,114,124,124,124,124,127,127,133,134,141,141,149,149,149,149,149,149,157,160,160,166,166,176,176,176,180,184,187,187,191,191,191,191,194,199,205,207,207,208,208,208,208,208,208,213,213,218,221,224,227,230,230,230,230,230,230,230,231,234,235,235,235,235,235,235,236,236,239,239,239,239,241,241,243
0,1,3,6,6,6,8,9,9,9,12,18,21,21,21,21,22,23,27,28,28,28,28,28,32,32,32,33,36,36,36,36,36,36,38,39,42,42,44,44,44,44,45,45,50,51,54,55,55,59,59,59,64,68,69,70,74,74,74,74,78,80,85,86,86,90,90,90,90,90,90,96,96,99,104,106,109,110,110,110,110,110,110,110,111,117,118,118,118,118,118,118,119,119,120,120,120,120,122,122,123
0,9,15,28,28,28,34,35,35,35,43,50,55,55,55,55,61,66,72,78,78,78,78,78,82,82,82,89,96,96,96,96,98,98,99,99,101,101,108,108,108,108,112,112,118,119,119,124,124,128,128,128,135,136,137,138,140,140,140,140,142,148,152,157,157,158,158,158,158,158,158,160,160,162,163,165,169,169,169,169,169,169,169,169,170,175,177,177,177,177,177,177,180,180,182,182,182,182,183,183,185
0,8,11,13,13,13,15,16,17,17,19,21,22,22,22,22,25,28,31,34,34,34,34,34,36,36,36,40,42,42,42,42,45,45,48,50,53,53,56,56,56,56,59,59,60,61,61,64,64,67,67,67,69,74,74,74,78,78,78,78,82,83,84,84,84,84,84,84,84,84,84,86,86,87,89,92,94,94,94,94,94,94,94,94,95,95,96,96,96,96,96,96,97,97,99,99,99,99,99,99,101
0,1,5,5,5,5,9,9,9,9,9,11,12,12,12,12,13,14,16,16,16,16,16,16,16,16,16,17,17,17,17,17,17,17,19,19,20,20,20,20,20,20,20,20,21,21,22,26,26,29,29,29,29,32,33,33,35,35,35,35,35,36,39,41,41,41,41,41,41,41,41,43,43,45,47,47,47,48,48,48,48,48,48,48,49,51,52,52,52,52,52,52,53,53,54,54,54,54,57,57,59
0,5,15,22,22,23,31,33,33,33,40,47,53,53,53,53,58,63,68,75,75,75,75,75,78,78,78,83,94,94,94,94,95,95,97,97,100,100,107,107,107,107,107,107,110,111,112,115,115,121,121,121,121,122,123,123,125,125,125,125,126,128,131,135,135,137,137,137,137,137,137,141,141,142,144,147,151,152,152,152,152,152,152,152,152,153,155,155,155,155,155,155,156,156,160,160,160,160,164,164,165
0,4,7,9,9,9,12,12,12,12,13,13,15,15,15,15,19,20,25,26,26,26,26,26,27,27,27,29,30,30,30,30,30,30,33,33,33,33,35,35,35,35,36,36,39,43,43,44,44,45,45,45,50,54,54,54,56,56,56,56,57,59,61,64,64,65,65,65,65,65,65,68,68,68,69,70,74,75,75,75,75,75,75,75,76,78,83,83,83,83,83,83,83,83,84,84,84,84,85,85,88
0,7,14,19,19,19,23,24,24,24,29,37,41,41,41,41,47,53,59,69,69,69,69,69,77,77,77,82,89,89,89,89,92,92,97,97,107,107,111,111,111,111,111,111,118,119,121,126,126,131,131,131,141,144,144,144,145,145,145,145,153,156,161,168,168,168,168,168,168,168,168,176,176,186,190,191,196,196,197,197,197,197,197,197,197,203,207,207,207,207,207,207,207,207,209,209,209,209,216,216,219
0,1,2,2,2,2,2,2,2,2,2,5,6,6,6,6,7,10,10,12,12,12,12,12,13,13,13,13,13,13,13,13,14,14,15,15,15,15,16,16,16,16,16,16,17,17,17,17,17,18,18,18,19,19,21,21,21,21,21,21,24,26,29,31,31,33,33,33,33,33,33,36,36,36,38,41,41,42,42,42,42,42,42,42,42,44,48,48,48,48,48,48,48,48,50,50,50,50,52,52,52
0,5,11,18,18,18,25,25,25,25,31,41,48,48,48,48,56,62,70,77,77,77,77,77,87,87,87,94,103,103,103,103,104,104,110,112,119,119,122,122,122,122,123,123,127,130,131,138,138,139,139,139,144,147,148,150,156,156,156,156,160,162,170,174,174,178,178,178,178,178,178,180,180,184,192,192,199,200,200,200,200,200,200,200,201,205,208,208,208,208,208,208,208,208,213,213,213,213,215,215,218
0,4,8,11,11,11,12,12,12,12,13,15,15,15,15,15,20,22,24,25,25,25,25,25,26,26,26,29,35,35,35,35,35,35,38,38,42,42,49,49,49,49,49,49,54,55,55,61,61,66,66,66,70,75,75,75,77,77,77,77,80,85,88,92,92,93,93,93,93,93,93,97,97,104,109,115,118,119,119,119,119,120,120,120,121,124,127,127,127,127,127,127,131,131,134,134,134,134,140,140,144
0,2,2,3,3,3,4,4,4,4,6,6,7,7,7,7,10,11,14,15,15,15,15,15,16,16,16,19,26,26,26,26,28,28,29,29,30,30,33,33,33,33,34,34,37,40,40,45,45,45,45,45,49,52,52,52,53,53,53,53,59,63,64,68,68,70,70,70,70,70,70,73,73,73,75,76,79,79,79,79,79,79,79,79,80,85,89,89,89,89,89,89,91,91,95,95,95,95,101,101,105
0,5,11,17,17,18,23,23,24,24,29,32,38,38,38,38,48,54,59,65,65,65,65,65,72,72,72,80,89,89,89,89,92,92,94,98,105,105,110,110,110,110,111,111,112,117,118,126,126,133,133,133,143,146,146,146,152,152,152,152,157,164,171,181,181,187,187,187,187,187,187,191,191,194,198,202,207,209,209,209,209,209,209,209,209,215,223,223,223,223,223,223,225,225,230,230,230,230,230,230,232
0,3,3,4,4,4,10,10,10,10,13,17,25,25,25,25,28,33,34,38,38,38,38,39,43,43,43,46,51,51,51,51,51,51,54,54,57,57,61,61,61,61,61,61,65,67,67,71,71,78,78,78,84,87,90,90,90,90,90,90,100,103,108,109,109,114,114,114,114,114,114,117,117,122,128,129,134,134,134,134,134,134,134,134,135,142,147,147,147,147,147,147,149,149,154,154,154,154,165,165,167
0,4,5,8,8,8,9,9,11,11,12,15,21,21,21,21,26,28,29,31,31,31,31,31,33,33,33,36,37,37,37,37,37,37,38,39,45,45,49,49,49,49,50,50,55,56,57,60,60,64,64,64,70,75,75,76,77,77,77,77,83,87,89,92,92,97,97,97,97,97,97,99,99,100,105,109,112,113,113,113,113,113,113,113,113,116,118,118,118,118,118,118,120,120,124,124,124,124,127,127,128
0,4,10,15,15,16,20,20,21,21,27,31,34,34,34,34,37,40,46,50,50,50,50,50,52,52,52,57,59,59,59,59,61,61,63,63,66,66,69,69,69,69,70,70,76,77,77,78,78,79,79,79,82,87,87,87,91,91,91,91,95,99,101,103,103,106,106,106,106,106,106,109,109,112,114,115,116,116,116,116,116,117,117,117,117,118,125,125,125,125,125,125,127,127,130,130,130,130,131,131,131
0,5,13,19,19,20,22,23,24,24,30,37,39,39,39,39,46,52,56,58,58,58,58,58,62,62,62,66,68,68,68,68,69,69,73,74,81,81,83,83,83,83,85,85,93,95,95,98,98,104,104,104,104,108,109,109,112,112,112,112,116,120,127,129,129,134,134,134,134,134,134,135,135,139,142,145,150,152,152,152,152,153,153,153,153,154,156,156,156,157,157,157,157,157,158,158,158,158,162,162,165
0,4,7,14,14,15,23,25,26,26,33,41,45,45,45,45,51,60,68,75,75,75,75,76,80,80,80,87,89,89,89,89,91,91,98,100,108,108,113,113,113,113,113,113,117,121,121,125,125,129,129,129,138,141,141,142,146,146,146,146,151,158,164,171,171,173,173,173,173,173,173,177,177,180,181,184,189,189,189,189,189,189,189,189,189,192,195,195,195,195,195,195,196,196,196,196,196,196,199,199,200
0,1,1,1,1,1,2,2,2,2,2,2,2,2,2,2,2,2,2,2,2,2,2,2,3,3,3,3,3,3,3,3,3,3,3,3,3,3,3,3,3,3,3,3,3,3,3,3,3,3,3,3,3,3,3,3,3,3,3,3,3,3,3,3,3,3,3,3,3,3,3,3,3,3,3,3,3,3,3,3,3,3,3,3,3,3,3,3,3,3,3,3,3,3,3,3,3,3,3,3,3
0,18,35,51,51,51,64,64,66,66,76,91,105,105,105,105,119,125,138,147,147,147,147,147,152,152,152,159,161,161,161,161,162,162,163,165,171,171,176,176,176,176,178,178,183,183,183,192,192,196,196,196,200,200,200,200,201,201,201,201,201,205,209,210,210,213,213,213,213,213,213,217,217,219,223,224,227,227,227,227,227,227,227,227,227,228,229,229,229,229,229,229,230,230,232,232,232,232,235,235,239
0,2,3,3,3,3,4,4,4,4,4,4,4,4,4,4,4,5,7,8,8,8,8,8,9,9,9,9,9,9,9,9,9,9,9,9,10,10,10,10,10,10,11,11,12,13,13,15,15,16,16,16,16,17,17,17,21,21,21,21,24,24,24,25,25,25,25,25,25,25,25,25,25,25,31,31,32,33,33,33,33,34,34,34,34,35,35,35,35,35,35,35,37,37,37,37,37,37,37,37,37
0,21,39,57,57,58,77,79,79,79,98,110,120,120,120,120,128,139,148,161,161,161,161,161,164,164,164,170,176,176,176,176,177,177,179,180,189,189,196,196,196,196,197,197,202,203,203,206,206,208,208,208,211,214,215,215,216,216,216,216,218,221,223,225,225,229,229,229,229,229,229,231,231,233,234,234,236,236,236,236,236,236,236,236,236,237,239,239,239,239,239,239,239,239,240,240,240,240,240,240,240
0,2,2,3,3,3,5,5,5,5,5,6,6,6,6,6,6,7,8,9,9,9,9,9,9,9,9,10,11,11,11,11,11,11,13,14,14,14,16,16,16,16,17,17,17,18,18,18,18,20,20,20,22,22,23,23,24,24,24,24,27,28,29,32,32,34,34,34,34,34,34,34,34,36,39,39,45,45,45,45,45,45,45,45,45,46,48,48,48,48,48,48,50,50,51,51,51,51,54,54,55
0,11,32,47,47,47,64,64,65,65,82,98,109,109,109,109,124,140,145,160,160,160,160,161,172,172,172,178,189,189,189,189,190,190,194,197,209,209,214,214,214,214,214,214,220,221,221,225,225,233,233,233,239,242,243,243,250,250,250,250,255,262,269,276,276,280,280,280,280,280,280,282,282,285,287,287,289,289,289,289,289,289,289,289,289,291,292,292,292,292,292,292,292,292,294,294,294,294,296,296,296
0,3,6,9,9,10,12,14,14,14,16,21,25,25,25,25,30,33,34,40,40,40,40,40,43,43,43,44,45,45,45,45,46,46,47,49,51,51,56,56,56,56,56,56,58,59,59,64,64,68,68,68,72,75,75,75,78,78,78,78,81,86,88,91,91,92,92,92,92,92,92,95,95,98,102,103,105,105,105,105,105,105,105,105,105,106,109,109,109,109,109,109,111,111,115,115,115,115,119,119,120
0,48,82,104,104,105,132,134,134,134,150,160,175,175,175,175,183,193,206,210,210,210,210,210,212,212,212,216,221,221,221,221,222,222,225,225,229,229,235,235,235,235,235,235,237,238,238,240,240,241,241,241,243,244,244,244,247,247,247,247,249,250,254,256,256,256,256,256,256,256,256,256,256,259,263,263,263,263,263,263,263,263,263,263,263,264,264,264,264,264,264,264,264,264,264,264,264,264,265,265,267
0,2,2,4,4,4,5,5,5,5,6,7,9,9,9,9,10,11,13,13,13,13,13,13,13,13,13,13,14,14,14,14,14,14,14,14,15,15,16,16,16,16,17,17,17,17,17,19,19,21,21,21,22,22,22,22,22,22,22,22,23,24,24,24,24,24,24,24,24,24,24,24,24,25,26,26,28,28,28,28,28,28,28,28,28,31,35,35,35,35,35,35,35,35,37,37,37,37,39,39,41
0,2,2,2,2,2,2,2,2,2,2,2,2,2,2,2,3,4,4,4,4,4,4,4,4,4,4,4,4,4,4,4,4,4,4,4,5,5,5,5,5,5,5,5,5,5,5,6,6,8,8,8,9,9,9,9,10,10,10,10,10,10,10,11,11,11,11,11,11,11,11,12,12,12,14,15,15,15,15,15,15,15,15,15,15,15,16,16,16,16,16,16,16,16,16,16,16,16,16,16,18
0,2,2,2,2,2,2,3,3,3,3,5,7,7,7,7,8,11,13,14,14,14,14,14,18,18,18,18,22,22,22,22,22,22,23,23,30,30,35,35,35,35,36,36,39,39,39,41,41,44,44,44,47,51,54,54,58,58,58,58,60,61,64,69,69,70,70,70,70,70,70,72,72,72,78,80,83,83,83,83,83,83,83,83,83,88,91,91,91,91,91,91,93,93,95,95,95,95,98,98,101
0,2,8,14,14,14,18,19,19,19,30,36,43,43,43,43,50,56,60,64,64,64,64,64,68,68,68,77,87,87,87,87,91,91,98,100,106,106,115,115,115,115,117,118,123,125,125,129,129,144,144,144,151,155,157,157,162,162,162,162,174,180,188,194,194,199,199,199,199,199,199,203,203,209,214,215,219,220,220,220,220,220,220,220,221,225,227,227,228,228,228,228,228,228,229,229,229,229,232,232,233
0,9,19,27,27,28,32,32,32,32,40,47,54,54,54,54,63,71,82,88,88,88,88,88,90,90,90,95,102,102,102,102,102,102,106,107,110,110,116,116,116,116,116,116,118,122,124,136,136,141,141,141,151,155,156,156,162,162,162,162,167,173,176,180,180,184,184,184,184,184,184,187,187,191,194,195,198,200,200,200,200,201,201,201,203,208,210,210,210,210,210,210,212,212,218,218,218,218,221,221,223
0,1,1,1,1,1,1,1,1,1,1,1,1,1,1,1,1,1,1,2,2,2,2,2,2,2,2,2,2,2,2,2,2,2,2,2,2,2,2,2,2,2,2,2,2,2,2,2,2,2,2,2,2,2,2,2,2,2,2,2,2,2,2,2,2,2,2,2,2,2,2,2,2,2,3,3,3,3,3,3,3,3,3,3,3,3,3,3,3,3,3,3,3,3,3,3,3,3,3,3,3
0,1,2,4,4,4,8,8,8,8,9,11,12,12,12,12,12,14,15,19,19,19,19,19,20,20,20,21,21,21,21,21,21,21,24,26,28,28,31,31,31,31,31,31,33,36,37,41,41,45,45,45,47,49,50,50,53,53,53,53,55,56,58,59,59,63,63,63,63,63,63,65,65,67,68,68,69,69,69,69,69,69,69,69,69,75,78,78,78,78,78,78,81,81,82,82,82,82,84,84,84
0,2,10,16,16,19,29,31,32,32,38,54,60,60,60,60,66,74,75,87,87,87,87,87,94,94,94,106,112,112,112,112,116,116,122,124,133,133,142,142,142,142,142,142,148,150,153,160,160,167,167,167,174,181,181,181,181,181,181,181,186,190,199,205,205,209,209,209,209,209,209,218,218,222,222,225,229,229,229,229,229,229,229,229,229,229,229,229,229,229,229,229,230,230,232,232,232,232,235,235,235
0,1,3,4,4,4,6,6,6,6,6,9,9,9,9,9,12,13,14,19,19,19,19,19,21,21,21,25,28,28,28,28,28,28,28,29,32,32,35,35,35,35,38,38,41,46,46,48,48,55,55,55,62,70,70,70,74,74,74,74,79,85,91,93,93,100,100,100,100,100,100,105,105,114,123,123,129,129,129,129,129,129,129,129,130,140,143,143,143,145,145,145,148,148,152,152,152,152,154,154,156
0,3,8,10,10,10,11,12,12,12,13,13,14,14,14,14,18,20,21,23,23,23,23,23,26,26,26,27,30,30,30,30,30,30,32,33,33,33,38,38,38,38,40,40,46,47,49,53,53,57,57,57,58,67,67,67,67,67,67,67,70,76,76,80,80,82,82,82,82,82,82,84,84,89,92,92,97,98,98,98,98,98,98,98,99,99,100,100,100,100,100,100,101,101,107,107,107,107,110,110,112
0,3,8,10,10,10,13,13,13,13,15,16,17,17,17,17,21,21,21,25,25,25,25,25,26,26,26,28,30,30,30,30,30,30,33,36,37,37,39,39,39,39,41,41,43,45,45,46,46,46,46,46,48,50,52,52,52,52,52,52,54,56,58,62,62,63,63,63,63,63,63,64,64,66,71,71,72,72,72,72,72,72,72,72,73,75,75,75,75,75,75,75,76,76,77,77,77,77,79,79,82
0,43,100,141,141,143,184,185,187,187,206,227,241,241,241,241,256,270,288,293,293,293,293,293,301,301,301,303,307,307,307,307,307,307,310,310,313,313,316,316,316,316,317,317,318,319,319,321,321,324,324,324,327,328,329,329,330,330,330,330,332,332,333,334,334,335,335,335,335,335,335,335,335,335,336,336,338,338,338,338,338,338,338,338,338,339,339,339,339,339,339,339,339,339,339,339,339,339,339,339,339
0,13,23,30,30,31,41,41,41,41,55,64,73,73,73,73,84,96,108,121,121,121,121,121,128,128,128,138,146,146,146,146,148,148,152,153,160,160,162,162,162,162,162,162,170,174,174,182,182,192,192,192,197,202,203,203,207,207,207,207,214,219,221,230,230,233,233,233,233,233,233,236,236,239,242,244,246,246,246,246,246,246,246,246,246,249,251,251,251,251,251,251,252,252,254,254,254,254,256,256,260
0,1,1,3,3,3,3,3,3,3,4,6,7,7,7,7,8,11,13,13,13,13,13,13,14,14,14,17,19,19,19,19,22,22,22,22,23,23,24,24,24,24,25,25,28,29,29,34,34,34,34,34,39,41,42,42,46,46,46,46,50,52,54,56,56,59,59,59,59,59,59,61,61,64,69,70,71,72,72,72,72,72,72,72,72,74,76,76,76,76,76,76,77,77,77,77,77,77,79,79,80
0,1,1,1,1,1,1,1,1,1,1,2,4,4,4,4,4,4,4,4,4,4,4,4,5,5,5,5,5,5,5,5,5,5,5,5,5,5,5,5,5,5,6,6,6,6,6,6,6,7,7,7,7,8,8,8,9,9,9,9,10,12,13,13,13,15,15,15,15,15,15,17,17,19,20,20,20,20,20,20,20,20,20,20,20,20,20,20,20,20,20,20,21,21,22,22,22,22,22,22,22
0,1,1,1,1,1,1,1,1,1,2,2,2,2,2,2,2,2,2,2,2,2,2,2,2,2,2,2,2,2,2,2,2,2,2,2,2,2,2,2,2,2,2,2,2,2,2,2,2,2,2,2,2,2,2,2,2,2,2,2,2,2,2,2,2,2,2,2,2,2,2,2,2,2,2,2,2,2,2,2,2,2,2,2,2,2,2,2,2,2,2,2,3,3,3,3,3,3,3,3,3
0,2,6,9,9,9,10,10,10,10,11,16,19,19,19,19,23,27,30,34,34,34,34,35,39,39,39,42,45,45,45,45,45,45,47,48,49,49,50,50,50,50,51,51,54,54,54,56,56,58,58,58,59,62,62,62,65,65,65,65,67,68,68,69,69,71,71,71,71,71,71,72,72,75,76,77,79,79,79,79,79,79,79,79,79,81,84,84,84,84,84,84,84,84,84,84,84,84,87,87,89
0,1,1,1,1,1,2,2,2,2,2,3,3,3,3,3,3,4,4,5,5,5,5,5,6,6,6,6,6,6,6,6,6,6,6,6,7,7,8,8,8,8,9,9,9,9,9,9,9,9,9,9,9,10,10,10,12,12,12,12,13,15,19,21,21,21,21,21,21,21,21,23,23,23,23,26,27,28,28,28,28,28,28,28,28,29,31,31,31,31,31,31,32,32,34,34,34,34,35,35,36
0,1,1,1,1,1,1,1,1,1,1,1,1,1,1,1,1,1,1,1,1,1,1,1,1,1,1,1,1,1,1,1,1,1,1,1,1,1,2,2,2,2,2,2,2,2,2,2,2,2,2,2,2,2,2,2,2,2,2,2,2,2,2,4,4,4,4,4,4,4,4,4,4,4,4,4,4,4,4,4,4,4,4,4,4,4,6,6,6,6,6,6,6,6,6,6,6,6,6,6,7
0,16,57,87,87,87,106,110,111,111,131,143,151,151,151,151,162,170,178,188,188,188,188,188,196,196,196,202,213,213,213,213,215,215,218,218,221,221,228,228,228,228,229,229,230,231,231,238,238,243,243,243,247,251,252,253,256,256,256,256,258,259,264,266,266,266,266,266,266,266,266,268,268,268,268,269,270,270,270,270,270,270,270,270,270,270,271,271,271,271,271,271,271,271,271,271,271,271,273,273,273
